id,paragraph,problems,question_plus
2025-나-01,"고래 잡는 사람, 호랑이, 사슴, 물을 뿜고 있는 고래, 작살이 꽂혀 있는 고래 등이 바위에 묘사되어 있다. 당시 이 지역 사람들의 생활 모습과 신앙, 예술 세계를 이해하는 데 중요한 자료이며 국보로 지정되어 있다.","{'question': '다음 설명에 해당하는 문화유산은?', 'choices': ['고령 장기리 암각화', '황해 안악3호분 행렬도', '경주 천마총 장니 천마도', '울주 대곡리 반구대 암각화'], 'answer': 4}",
2025-나-02,"(가) 은/는 원래 여진족과 왜구의 침입에 대비하기 위해 만든 임시회의 기구였다. 임진왜란을 거치면서 전·현직 정승을 비롯한 주요 관원이 참여하였고, 군사 문제뿐 아니라 외교, 재정, 인사 등 국정 전반을 다루었다. 이로 인해 의정부와 6조의 기능이 축소되었다.","{'question': '(가)에 해당하는 기구는?', 'choices': ['비변사', '삼군부', '상서성', '집사부'], 'answer': 1}",
2025-나-03,"이 나라는 고구려의 옛 땅이다.... (중략)... 곳곳에 촌락이 있는데 모두 말갈의 부락이다. 그 백성은 말갈이 많고 토인 (土人)이 적은데, 모두 토인을 촌장으로 삼는다. - 유취국사』 -","{'question': ""밑줄 친 '이 나라'에 대한 설명으로 옳은 것은?"", 'choices': ['골품제를 실시하였다.', '군사조직으로 9서당 10정을 두었다.', '영락이라는 독자적인 연호를 사용하였다.', '지방 행정 구역을 5경 15부 62주로 나누었다.'], 'answer': 4}",
2025-나-04,○ 우리 풍토에 맞는 농서인 '농사직설을 편찬하였다. ○ 최윤덕과 김종서를 파견하여 4군 6진을 개척하였다.,"{'question': '다음 업적이 있는 왕의 재위 기간에 볼 수 있는 모습은?', 'choices': ['송파장에 담배를 사려고 나온 농민', '금난전권 폐지에 항의하는 시전 상인', '전분6등법을 처음 시행하기 위해 찬반 의견을 묻는 관료', '천주교 신자가 되어 어머니 제사를 거부하는 유생'], 'answer': 3}",
2025-나-05,왕이 신돈에게 국정을 맡겼다. 신돈은 힘있는 자들이 나라의 토지와 약한 자들이 토지를 모두 빼앗고 양민을 자신들의 노비로 삼고 있는 현실을 지적하였다. 그리고 관청을 만들어 그 문제를 개혁하려고 했다.,"{'question': ""밑줄 친 '왕'의 재위 기간에 있었던 사실로 옳은 것은?"", 'choices': ['사심관 제도를 실시하였다.', '정동행성 이문소를 폐지하였다.', '광덕, 준풍 등의 연호를 사용하였다.', '최승로의 시무 28조 건의를 수용하였다.'], 'answer': 2}",
2025-나-06,○ 이곳의 고인돌 유적은 유네스코 세계문화유산에 등재되었다. ○ 고려 정부는 이곳으로 천도하여 몽골의 침략에 대항하였다.,"{'question': ""밑줄 친 '이곳'에 대한 설명으로 옳은 것은?"", 'choices': ['장보고가 청해진을 설치하였다.', '정묘호란으로 인조가 피신하였다.', '원나라가 탐라총관부를 두었다.', '영국군이 러시아를 견제한다는 구실로 주둔하였다.'], 'answer': 2}",
2025-나-07,"개항 이후 정세 변화에 대응하여 개혁을 추진하기 위해 설립된 기구로 외교, 군사 등 개화와 관련된 정책을 총괄하였다. 또한 그 아래 12사를 두어 실무를 담당하게 하였다.","{'question': '다음 설명에 해당하는 기구는?', 'choices': ['교정청', '삼정이정청', '군국기무처', '통리기무아문'], 'answer': 4}",
2025-나-08,"노비 만적 등 6인이 개경의 북산에서 나무하다가 공노비와 사노비들을 불러 모의하기를, ""정중부의 반란과 김보당의 반란 이후로 고관이 천민과 노비에서 많이 나왔다. 장상(將相)의 씨가 따로 있으랴!""라고 하였다.","{'question': '다음 사건 발생 이후에 있었던 사실로 옳은 것은?', 'choices': ['정방 설치', '동북 9성 축조', '노비안검법 실시', '상수리 제도 시행'], 'answer': 1}",
2025-나-09,그는 양반전』을 지어 양반 사회의 허위의식을 고발하였다. 그는 상공업 진흥에도 관심을 기울여 수레와 선박의 이용 등에 대해서도 주목하였다.,"{'question': ""밑줄 친 '그'에 대한 설명으로 옳은 것은?"", 'choices': ['효종의 북벌 운동을 지지하였다.', '『과농소초』에서 한전제를 주장하였다.', '화성 건설을 위해 거중기를 설계하였다.', '우리 역사를 체계화한 동사강목』을 저술하였다.'], 'answer': 2}",
2025-나-10,○ 김흠돌의 난을 계기로 진골 귀족 세력 등을 숙청하였다. ○ 녹읍을 폐지하여 귀족의 경제적 기반을 약화하고자 하였다.,"{'question': '다음 사실이 있었던 왕대의 설명으로 옳은 것은?', 'choices': ['국학을 설립하였다.', '불교를 공인하였다.', '독서삼품과를 시행하였다.', '이사부를 보내 우산국을 정벌하였다.'], 'answer': 1}",
2025-나-11,"(가) 왕이 보병과 기병 5만 명을 보내 신라를 구원하게 하였고, 이에 왜군이 퇴각하였다. (나) 백제 왕이 가야와 함께 관산성을 공격하였다. 신주군주 김무력이 나아가 교전을 벌였고, 비장인 도도가 백제 왕을 죽였다.","{'question': '(가), (나) 사이 시기에 있었던 사실로 옳은 것은?', 'choices': ['고구려가 낙랑군을 몰아냈다.', '신라가 금관가야를 병합하였다.', '고구려가 안시성에서 당군을 물리쳤다.', '백제가 평양성에서 고국원왕을 전사시켰다.'], 'answer': 2}",
2025-나-12,"남만주로 집단 이주하려고 기도하고, 조선에서 상당한 재력이 있는 사람들을 그곳에 이주시켜 토지를 사들이고 촌락을 세워, ...(중략)... 학교를 세워 민족 교육을 실시하고, 무관학교를 설립하여 문무를 겸하는 교육을 실시하면서, 기회를 엿보아 독립 전쟁을 일으켜 구한국의 국권을 회복하려고 하였다. 「105인 사건 판결문」","{'question': '다음 자료를 통해 알 수 있는 단체에 대한 설명으로 옳은 것은?', 'choices': ['만민공동회를 개최하였다.', '민립대학 설립 운동을 추진하였다.', '비밀결사의 형태로 활동을 전개하였다.', '광주학생항일운동이 일어나자 진상조사단을 파견하였다.'], 'answer': 3}",
2025-나-13,"영의정 이원익은 공물 제도가 방납인에 의한 폐단이 크며, 경기도가 특히 심하다고 생각하였다. 그래서 별도의 관청을 만들어 경기 지역 백성들에게 봄과 가을에 토지 1결마다 8두씩 쌀로 거두고, 이것을 방납인에게 주어 수시로 물품을 구입하여 납부하게 하자고 왕에게 건의하였다. 왕은 그 의견을 받아들였다.","{'question': ""밑줄 친 '왕'의 재위 기간에 있었던 사실로 옳은 것은?"", 'choices': ['삼수병으로 구성된 훈련도감을 설치하였다.', '조광조 등 사림을 등용하여 훈구세력을 견제하였다.', '유능한 관료를 재교육하는 초계문신 제도를 시행하였다.', '일본과 제한된 범위의 무역을 허용하는 기유약조를 맺었다.'], 'answer': 4}",
2025-나-14,"이 개혁에 따라 의정부를 내각으로, 8아문을 7부로 고쳤다. 또한 지방 8도는 23부로 개편하였다.","{'question': ""밑줄 친 '이 개혁'의 내용으로 옳은 것은?"", 'choices': ['외국어 통역관 양성을 위한 동문학을 세웠다.', '미국인 교사를 초빙한 육영공원을 창립하였다.', '교원양성을 위해 한성사범학교 관제를 발표하였다.', '상공학교와 광무학교 등의 실업학교를 설립하였다.'], 'answer': 3}",
2025-나-15,백제는 5세기 고구려의 공격으로 한강 유역을 상실하면서 수도가 함락되어 이 지역으로 도읍을 옮겼다.,"{'question': ""밑줄 친 '이 지역'에 있는 문화유산은?"", 'choices': ['몽촌토성', '무령왕릉', '미륵사지 석탑', '용현리 마애여래삼존상'], 'answer': 2}",
2025-나-16,"이 지역에서 권업회라는 독립운동 단체가 조직되었고, 권업회는 국외 무장 독립 단체들을 모아 대한 광복군 정부라는 독립군 조직을 만들었다.","{'question': ""밑줄 친 '이 지역'에 대한 설명으로 옳은 것은?"", 'choices': ['동제사가 창립되었다.', '경학사가 조직되었다.', '한인촌인 신한촌이 형성되었다.', '대조선 국민 군단이 창설되었다.'], 'answer': 3}",
2025-나-17,"그는 문종의 넷째 아들인데, 출가하여 승려가 되었다. 송나라로 유학을 가서 화엄학과 천태학을 공부하였다. 이후 천태학을 부흥시켜 천태종을 창립하였다.","{'question': ""밑줄 친 '그'에 대한 설명으로 옳은 것은?"", 'choices': ['유 불 일치설을 주장하였다.', '백련사에서 결사를 조직하였다.', '정혜쌍수의 수행법을 제시하였다.', '신편제종교장총록』을 편찬하였다.'], 'answer': 4}",
2025-나-18,"대저 우리나라가 아시아의 중립국이 된다면 러시아를 방어하는 큰 기틀이 될 것이고, 또 아시아의 여러 대국이 서로 보전하는 정략도 될 것이다.... (중략)... 이는 비단 우리나라만을 위한 것이 아니라 중국의 이익도 될 것이고, 여러 나라가 서로 보전 하는 계책도 될 것이니 무엇이 괴로워서 하지 않겠는가.","{'question': '다음 글을 쓴 인물에 대한 설명으로 옳은 것은?', 'choices': ['영남 만인소 사건을 주도하였다.', '미국에 파견된 보빙사의 일원이었다.', '제2차 수신사로 조선책략 을 조선에 가지고 왔다.', '왜양일체론을 내세우며 개항반대운동을 전개하였다.'], 'answer': 2}",
2025-나-19,1. 부호의 의연금 및 일본인이 불법 징수하는 세금을 압수하여 무장을 준비한다. 6. 일본인 고관 및 한국인 반역자를 수시 수처에서 처단하는 행형부를 둔다. 7. 무력이 완비되는 대로 일본인 섬멸전을 단행하여 최후 목적의 달성을 기한다.,"{'question': '다음 강령을 발표한 단체에 대한 설명으로 옳은 것은?', 'choices': ['「조선 혁명 선언을 활동 지침으로 삼았다.', '일본에 국권 반환 요구서를 보내려 하였다.', '박상진을 총사령으로 하여 공화정체를 지향하였다.', '대한민국임시정부의 김구가 중심이 되어 창설하였다.'], 'answer': 3}",
2025-나-20,"제헌 국회는 ""유구한 역사와 전통에 빛나는 우리들 대한국민은 기미 삼일운동으로 대한민국을 건립하여 세계에 선포한 위대한 독립정신을 계승하여 이제 민주독립국가를 재건함에 있어서"" 라고 명시한 이 헌법을 공포하였다.","{'question': ""밑줄 친 '이 헌법' 공포 이후에 있었던 사실로 옳은 것은?"", 'choices': ['미군정청이 설치되었다.', '5 10 총선거가 실시되었다.', '반민족 행위 처벌법이 공포되었다.', '한국의 독립을 언급한 카이로 회담이 개최되었다.'], 'answer': 3}",
2024-가-01,5세기 후반 가야의 주도 세력으로 성장한 이 나라는 낙동강 유역이라는 지리적 이점과 풍부한 철을 활용하여 후기 가야 연맹의 맹주가 되었다.,"{'question': ""밑줄 친 '이 나라'에 대한 설명으로 옳은 것은?"", 'choices': ['진흥왕에 의해 멸망하였다.', '사비로 천도하고 국호를 남부여로 하였다.', '지방 행정 구역을 5경 15부 62주로 나누었다.', '평양으로 수도를 옮기고 남진 정책을 추진하였다.'], 'answer': 1}",
2024-가-02,,"{'question': '고려의 경제 상황에 대한 설명으로 옳은 것은?', 'choices': ['진대법이라는 구휼 제도를 시행하였다.', '건원중보가 발행되었으나 널리 이용되지 못하였다.', '광산 경영 방식에서 덕대제가 유행하기 시작하였다.', '전통적 농업 기술을 정리한 『농사직설』이 편찬되었다.'], 'answer': 2}",
2024-가-03,"조선이라는 땅덩어리는 실로 아시아의 요충을 차지하고 있어 그 형세가 반드시 다툼을 불러올 것이다. 조선이 위태로우면 중동(中東)의 형세도 위급해진다. 따라서 러시아가 강토를 공략하려 한다면 반드시 조선이 첫 번째 대상이 될 것이다. ...(중략)... 러시아를 막을 수 있는 조선의 책략은 무엇인가? 오직 중국과 친하며, 일본과 맺고, 미국과 연합함으로써 자강을 도모하는 길뿐이다. [cite: 160, 161, 162, 163]","{'question': '다음 자료에 대한 설명으로 옳은 것은?', 'choices': ['강화도 조약 체결 이전 조선에 널리 퍼졌다.', '흥선대원군이 척화비를 세우는 계기가 되었다.', '이만손 등 영남 유생들의 반발을 불러일으켰다.', '청에 영선사로 파견된 김윤식에 의해 소개되었다.'], 'answer': 3}",
2024-가-04,정부의 개화 정책이 추진되면서 구식 군인과 도시 하층민이 반발하였다. 제대로 봉급을 받지 못한 구식 군인들이 난을 일으키고 도시 하층민이 여기에 합세하였으나 청군에 의해 진압되었다. 이후 청은 조선에 군대를 주둔시키고 조선의 내정에 개입하였다. 또 (가)을 체결하여 조선이 청의 속방임을 명문화하고 청 상인의 내륙 진출을 인정받았다.,"{'question': '(가)에 들어갈 말로 옳은 것은?', 'choices': ['한성 조약', '톈진 조약', '제물포 조약', '조청상민수륙무역장정'], 'answer': 4}",
2024-가-05,,"{'question': '위화도 회군 이후에 있었던 사실로 옳지 않은 것은?', 'choices': ['과전법이 실시되었다.', '정몽주가 살해되었다.', '한양으로 도읍을 이전하였다.', '황산 대첩에서 왜구를 토벌하였다.'], 'answer': 4}",
2024-가-06,"이 날을 목 놓아 우노라[是日也放聲大哭]....(중략)... 천하만사가 예측하기 어려운 것도 많지만, 천만 뜻밖에 5개조가 어떻게 제출되었는가. 이 조건은 비단 우리 한국뿐 아니라 동양 삼국이 분열할 조짐을 점차 만들어 낼 것이니 이토[伊藤] 후작의 본의는 어디에 있는가?","{'question': '다음의 논설을 작성한 인물에 대한 설명으로 옳은 것은?', 'choices': ['한성순보를 창간하였다.', '한국통사를 저술하였다.', '「독사신론」을 발표하였다.', '『황성신문』의 주필을 역임하였다.'], 'answer': 4}",
2024-가-07,○ 왕은 집현전을 계승한 홍문관을 설치하고 중단되었던 경연을 다시 열었다. ○ 왕은 훈구 세력을 견제하기 위해 사림 세력을 등용하였다.,"{'question': ""밑줄 친 '왕'의 재위 기간에 편찬된 서적으로 옳은 것은?"", 'choices': ['대전통편', '동사강목', '동국여지승람', '훈민정음운해'], 'answer': 3}",
2024-가-08,"웅천주 도독 헌창이 반란을 일으켜, 무진주 완산주·청주·사벌주 네 주의 도독과 국원경 서원경 금관경의 사신 및 여러 군현의 수령들을 위협하여 자신의 아래에 예속시키려 하였다. ㄱ. 천민이 중심이 된 신분 해방 운동 성격을 가졌다. ㄴ. 반란 세력은 국호를 '장안', 연호를 '경운'이라 하였다. ㄷ. 주동자의 아버지가 왕이 되지 못한 것에 대한 불만으로 일어났다. ㄹ. 무열왕 직계가 단절되고 내물왕계가 다시 왕위를 차지하는 결과를 가져왔다.","{'question': ""밑줄 친 '반란'에 대한 설명으로 옳은 것만을 모두 고르면?"", 'choices': ['ㄱ, ㄴ', 'ㄱ, ㄹ', 'ㄴ, ㄷ', 'ㄷ, ㄹ'], 'answer': 3}",
2024-가-09,"홍서봉 등이 한(汗)의 글을 받아 되돌아왔는데, 그 글에. ""대청국의 황제는 조선의 관리와 백성들에게 알린다. 짐이 이번에 정벌하러 온 것은 원래 죽이기를 좋아하고 얻기를 탐해서가 아니다. 본래는 늘 서로 화친하려고 했는데, 그대 나라의 군신이 먼저 불화의 단서를 야기시켰다.""라고 하였다.","{'question': '다음 사건 이후에 있었던 사실로 옳은 것은?', 'choices': ['삼전도비가 세워졌다.', '이괄이 난을 일으켰다.', '인조가 강화도로 피난하였다.', '정봉수가 용골산성에서 항전하였다.'], 'answer': 1}",
2024-가-10,(가) 13도 창의군이 결성되었다. (나) 지방군은 10정으로 조직하였다. (다) 친위 부대인 장용영을 설치하였다. (라) 중앙군은 2군 6위제로 운영하였다.,"{'question': ' (가)~(라)를 시기순으로 바르게 나열한 것은?', 'choices': ['(나)→(라)→(가)→(다)', '(나)→(라)→(다)→(가)', '(라)→(나)→(가)→(다)', '(라)→(나)→(다)→(가)'], 'answer': 2}",
2024-가-11,미국 영국 소련 3국의 외무 장관이 모인 이 회의에서는 한국의 민주주의적 임시 정부 수립과 이를 위한 미소공동위원회의 설치 최대 5년간의 신탁통치 방안 등이 결정되었다.,"{'question': ""밑줄 친 '이 회의' 이후에 있었던 사실로 옳지 않은 것은?"", 'choices': ['5 10 총선거가 실시되었다.', '좌우 합작 7원칙이 발표되었다.', '조선 건국 준비 위원회가 결성되었다.', '반민족 행위 특별 조사위원회가 구성되었다.'], 'answer': 3}",
2024-가-12,"우리 왕후께서는 좌평 사택적덕의 따님으로 지극히 오랜 세월에 선인(善因)을 심어 이번 생에 뛰어난 과보를 받아 만민을 어루만져 기르시고 삼보(三寶)의 동량(棟梁)이 되셨기에 능히 가람을 세우시고, 기해년 정월 29일에 사리를 받들어 맞이하셨다. 원하옵나니, 영원토록 공양하고 다함이 없이 이 선(善)의 근원을 배양하여, 대왕 폐하의 수명은 산악과 같이 견고하고 치세는 천지와 함께 영구하며, 위로는 정법을 넓히고 아래로는 창생을 교화하게 하소서.","{'question': ""밑줄 친 '가람'에 대한 설명으로 옳은 것은?"", 'choices': ['목탑의 양식을 간직한 석탑이 있다.', '대리석으로 만든 10층 석탑이 있다.', '성주산문을 개창한 낭혜 화상의 탑비가 있다.', '돌을 벽돌 모양으로 만들어 쌓은 모전석탑이 있다.'], 'answer': 1}",
2024-가-13,ㄱ. 사병을 혁파하였다. ㄴ. 집현전을 폐지하였다. ㄷ. 『경국대전』을 완성하였다. ㄹ. 6조 직계제를 시행하였다.,"{'question': '조선 세조 대에 있었던 사실로 옳은 것만을 모두 고르면?', 'choices': ['ㄱ, ㄷ', 'ㄱ, ㄹ', 'ㄴ, ㄷ', 'ㄴ, ㄹ'], 'answer': 4}",
2024-가-14,(가) 한인애국단 창설 (나) 한국광복군 창설 (다) 국민대표회의 개최 (라) 주석·부주석제로 개헌,"{'question': '(가)~(라)는 대한민국 임시정부와 관련한 사실이다. 이를 시기순으로 바르게 나열한 것은?', 'choices': ['(다)→(가)→(라)→(나)', '(가)→(라)→(다)→(나)', '(다)→(가)→(나)→(라)', '(가)→(나)→(다)→(라)'], 'answer': 3}",
2024-가-15,(가)는 제1차 조선교육령 발표와 제2차 조선교육령 발표 사이의 시기이다.,"{'question': '(가) 시기에 있었던 사실로 옳은 것은?', 'choices': ['경성제국대학이 설립되었다.', '근대 교육기관인 육영공원이 설립되었다.', '일본에서 2.8 독립선언서가 발표되었다.', '보안회의 주도로 일본의 황무지 개간권 반대 운동이 일어났다.'], 'answer': 3}",
2024-가-16,"강조의 군사들이 궁문으로 마구 들어오자, 목종이 모면할 수 없음을 깨닫고 태후와 함께 목 놓아 울며 법왕사로 옮겼다. 잠시 후 황보유의 등이 (가) 을/를 받들어 왕위에 올렸다. 강조가 목종을 폐위하여 양국공으로 삼고, 군사를 보내 김치양 부자와 유행간 등 7인을 죽였다.","{'question': '(가)의 재위 기간에 있었던 사실로 옳은 것은?', 'choices': ['윤관이 별무반 편성을 건의하였다.', '외적이 침입하여 국왕이 복주(안동)로 피난하였다.', '서희의 외교 담판으로 강동 6주 지역을 획득하였다.', '불교 경전을 집대성한 초조대장경 조판이 시작되었다.'], 'answer': 4}",
2024-가-17,"(가) 순종의 인산일을 기하여 '동양 척식 주식회사를 철폐하라!', '일본인 지주에게 소작료를 바치지 말자!' 등의 격문을 내건 운동이 일어났다. (나) 광주에서 한국인 학생과 일본인 학생 사이에 일어난 충돌을 계기로 학생들이 총궐기하는 운동이 일어났다.","{'question': '(가)와 (나) 사이의 시기에 있었던 사실로 옳은 것은?', 'choices': ['신간회가 창설되었다.', '진단학회가 설립되었다.', '진주에서 조선 형평사가 창립되었다.', '대구에서 국채보상운동이 시작되었다.'], 'answer': 1}",
2024-가-18,,"{'question': '1930년대에 있었던 사실로 옳은 것은?', 'choices': ['비밀결사인 조선건국동맹이 결성되었다.', '중국 관내에서 조선의용대가 창설되었다.', '연해주 지역에 대한광복군 정부가 설립되었다.', '서일을 총재로 하는 대한독립군단이 조직되었다.'], 'answer': 2}",
2024-가-19,"송나라 사신 서긍은 그의 저술에서 이 나라 자기의 빛깔과 모양에 대해. ""도자기의 빛깔이 푸른 것을 사람들은 비색이라고 부른다. 근래에 와서 만드는 솜씨가 교묘하고 빛깔도 더욱 예뻐졌다. 술그릇의 모양은 오이와 같은데, 위에 작은 뚜껑이 있고 연꽃이나 엎드린 오리 모양을 하고 있다. 또, 주발, 접시, 사발, 꽃병 등도 있었다.""라고 하였다.","{'question': ""밑줄 친 '이 나라'의 문화유산으로 옳지 않은 것은?"", 'choices': ['안동 봉정사 극락전', '구례 화엄사 각황전', '예산 수덕사 대웅전', '영주 부석사 무량수전'], 'answer': 2}",
2024-가-20,○ '가갸날'을 제정하였다. ○ 기관지인 『한글』을 창간하였다.,"{'question': '다음에서 설명하는 단체는?', 'choices': ['국문연구소', '조선광문회', '대한자강회', '조선어연구회'], 'answer': 4}",
2023-나-01,"미송리식 토기, 팽이형 토기, 붉은 간 토기","{'question': '다음 유물이 사용된 시대에 대한 설명으로 옳은 것은?', 'choices': ['비파형 동검이 사용되었다.', '오수전 등의 화폐가 사용되었다.', '아슐리안형 주먹도끼가 사용되었다.', '철이 많이 생산되어 낙랑과 왜에 수출되었다.'], 'answer': 1}",
2023-나-02,"16년 겨울 10월, 왕이 질양(質陽)으로 사냥을 갔다가 길에 앉아 우는 자를 보았다. 왕이 말하기를 ""아! 내가 백성의 부모가 되어 백성들이 이 지경에 이르게 하였으니 나의 죄로다."" ...(중략)... 그리고 관리들에게 명하여 매년 봄 3월부터 가을 7월까지 관청의 곡식을 내어 백성들의 식구 수에 따라 차등 있게 빌려주었다가, 10월에 이르러 상환하게 하는 것을 법규로 정하였다.","{'question': ""밑줄 친 '왕'에 대한 설명으로 옳은 것은?"", 'choices': ['낙랑군을 축출하였다.', '「진대법」을 시행하였다.', '백제의 침입으로 전사하였다.', '영락이라는 독자적인 연호를 사용하였다.'], 'answer': 2}",
2023-나-03,"신돈이 (가)을/를 설치하자고 요청하자....(중략)... 이제 도감이 설치되었다.... (중략)... 명령이 나가자 권세가 중에 전민을 빼앗은 자들이 그 주인에게 많이 돌려주었으며, 전국에서 기뻐하였다. － 고려사 －","{'question': '(가)에 대한 설명으로 옳은 것은?', 'choices': ['시전의 물가를 감독하는 임무를 담당하였다.', '국가재정의 출납과 회계 업무를 총괄하였다.', '불법적으로 점유된 토지와 노비를 조사하였다.', '부족한 녹봉을 보충하고자 관료에게 녹과전을 지급하였다.'], 'answer': 3}",
2023-나-04,우리나라가 곧 고구려의 옛 땅이다. 그리고 압록강의 안팎 또한 우리의 지역인데 지금 여진이 그 사이에 몰래 점거하여 저항하고 교활하게 대처하고 있어서... (중략)... 만일 여진을 내쫓고 우리 옛 땅을 되찾아서 성보(城堡)를 쌓고 도로를 통하도록 하면 우리가 어찌 사신을 보내지 않겠는가?,"{'question': '다음과 같이 말한 인물에 대한 설명으로 옳은 것은?', 'choices': ['목종을 폐위하였다.', '귀주에서 거란군을 물리쳤다.', '여진을 몰아내고 동북 9성을 쌓았다.', '소손녕과 담판하여 강동 6주를 획득하였다.'], 'answer': 4}",
2023-나-05,○ 장수왕은 남진정책의 일환으로 수도를 이곳으로 천도하였다. ○ 묘청은 이곳으로 수도를 옮길 것을 주장하였다.,"{'question': ""밑줄 친 '이곳'에 대한 설명으로 옳은 것은?"", 'choices': ['쌍성총관부가 설치되었다.', '망이 망소이가 반란을 일으켰다.', '제너럴 셔먼호 사건이 발생하였다.', '1923년 조선 형평사가 결성되었다.'], 'answer': 3}",
2023-나-06,"이근행이 군사 20만 명의 대군을 이끌고 매소성(買肖城)에 머물렀다. 우리 군사가 공격하여 달아나게 하고 전마 30,380필을 얻었는데, 남겨놓은 병장기도 그 정도 되었다. －『삼국사기』－ ㄱ. 웅진도독부가 설치되었다. ㄴ. 김흠돌이 반란을 일으켰다. ㄷ. 교육 기관인 국학이 설립되었다. ㄹ. 복신과 도침이 부여풍과 함께 백제 부흥 운동을 일으켰다.","{'question': '다음 전투 이후에 일어난 사건으로 옳은 것만을 모두 고르면?', 'choices': ['ㄱ, ㄴ', 'ㄱ, ㄹ', 'ㄴ, ㄷ', 'ㄷ, ㄹ'], 'answer': 3}",
2023-나-07,(가) 신라의 우산국 복속 (나) 고구려의 서안평 점령 (다) 백제의 대야성 점령 (라) 신라의 금관가야 병합,"{'question': '다음 사건을 시기순으로 바르게 나열한 것은?', 'choices': ['(가)→(나)→(다)→(라)', '(가)→(라)→(나)→(다)', '(나)→(가)→(라)→(다)', '(나)→(다)→(가)→(라)'], 'answer': 3}",
2023-나-08,,"{'question': '고려시대 문화유산에 대한 설명으로 옳지 않은 것은?', 'choices': ['황해도 사리원 성불사 웅진전은 다포 양식의 건물이다.', '월정사 팔각 9층 석탑은 원의 석탑을 모방하여 제작하였다.', '여주 고달사지 승탑은 통일 신라의 팔각원당형 양식을 계승하였다.', '『직지심체요절』은 세계기록유산으로 등재된 현존하는 가장 오래된 금속활자본이다.'], 'answer': 2}",
2023-나-09,,"{'question': '조선시대 지도와 천문도에 대한 설명으로 옳지 않은 것은?', 'choices': ['대동여지도는 거리를 알 수 있도록 10리마다 눈금을 표시하였다.', '혼일강리역대국도지도는 중국에서 들여온 곤여만국전도를 참고하였다.', '천상열차분야지도는 하늘을 여러 구역으로 나누고 별자리를 표시한 그림이다.', '동국지도는 정상기가 실제 거리 100리를 1척으로 줄인 백리척을 적용하여 제작하였다.'], 'answer': 2}",
2023-나-10,"임진왜란 이후에 우의정 유성룡도 역시 미곡을 거두는 것이 편리하다고 주장하였으나, 일이 성취되지 못하였다. 1608년에 이르러 좌의정 이원익의 건의로 (가)을/를 비로소 시행하여, 민결(民結)에서 미곡을 거두어 서울로 옮기게 하였다. － 『만기요람』 －","{'question': '(가)에 대한 설명으로 옳지 않은 것은?', 'choices': ['장시의 확대에 기여하였다.', '지주에게 결작을 부과하였다.', '공납의 폐단을 막기 위해 실시하였다.', '공인에게 비용을 지급하고 필요 물품을 조달하였다.'], 'answer': 2}",
2023-나-11,"선비들 수만 명이 대궐 앞에 모여 만동묘와 서원을 다시 설립할 것을 청하니, (가) 이/가 크게 노하여 한성부의 조례(皂隷)와 병졸로 하여금 한강 밖으로 몰아내게 하고 드디어 천여 곳의 서원을 철폐하고 그 토지를 몰수하여 관에 속하게 하였다. － 『대한계년사』 －","{'question': '(가) 인물이 추진한 정책으로 옳지 않은 것은?', 'choices': ['사창제를 실시하였다.', '『대전회통』을 편찬하였다.', '비변사의 기능을 강화하였다.', '통상 수교 거부 정책을 추진하였다.'], 'answer': 3}",
2023-나-12,제1조 대한민국은 민주공화제로 함 ...(중략)... 민국 원년 3월 1일 우리 대한민족이 독립을 선언한 뒤...(중략)... 이제 본 정부가 전 국민의 위임을 받아 조직되었으니 전 국민과 더불어 전심(專心)으로 힘을 모아 국토 광복의 대사명을 이룰 것을 선서한다.,"{'question': '다음과 같은 선포문을 발표하면서 성립한 정부의 정책으로 옳지 않은 것은?', 'choices': ['독립 공채를 발행하였다.', '기관지로 『독립신문』을 발간하였다.', '비밀 행정 조직인 연통부를 설치하였다.', '재정 확보를 위하여 전환국을 설립하였다.'], 'answer': 4}",
2023-나-13,"나는 우리 국민이 선천적으로 타고난 재질을 최대한으로 활용하여 다각적인 생산 활동을 더욱 활발하게 하고, ... (중략)... 공산품 수출을 진흥시키는 데 가일층 노력할 것을 요망합니다. 끝으로 나는 오늘 제1회 「수출의 날」 기념식에 즈음하여....(중략)... 이 뜻깊은 날이 자립경제를 앞당기는 또 하나의 계기가 될 것을 기원합니다.","{'question': ""밑줄 친 '나'가 집권하여 추진한 사실로 옳은 것은?"", 'choices': ['대통령 직선제 개헌을 추진하였다.', '3·1 민주 구국 선언을 발표하였다.', '반민족 행위 특별 조사 위원회를 구성하였다.', '베트남 파병에 필요한 조건을 명시한 브라운 각서를 체결하였다.'], 'answer': 4}",
2023-나-14,"상소하여 아뢰기를, ""신이 좌참찬 송준길이 올린 차자를 보았는데, 상복(喪服) 절차에 대하여 논한 것이 신과는 큰 차이가 있었습니다. 장자를 위하여 3년을 입는 까닭은 위로 '정체(正體)'가 되기 때문이고 또 전중(傳重)하기 때문입니다.... (중략)... 무엇보다 중요한 것은 할아버지와 아버지의 뒤를 이은 '정체'이지, 꼭 첫째이기 때문에 참최 3년복을 입는 것은 아닙니다.""라고 하였다. － 『현종실록』－ ㄱ. 기사환국으로 정권을 장악하였다. ㄴ. 인조반정을 주도하여 집권세력이 되었다. ㄷ. 정조 시기에 탕평정치의 한 축을 이루었다. ㄹ. 이이와 성혼의 문인을 중심으로 형성되었다.","{'question': '다음과 같이 상소한 인물이 속한 붕당에 대한 설명으로 옳은 것만을 모두 고르면?', 'choices': ['ㄱ, ㄴ', 'ㄱ, ㄷ', 'ㄴ, ㄹ', 'ㄷ, ㄹ'], 'answer': 2}",
2023-나-15,(가) 삼포왜란이 발발하였다. → (나) → (다) 임진왜란이 발발하였다.,"{'question': '(나) 시기에 일어난 사실로 옳은 것은?', 'choices': ['을사사화가 일어났다.', '『경국대전』이 반포되었다.', '『향약집성방』이 편찬되었다.', '금속활자인 갑인자가 주조되었다.'], 'answer': 1}",
2023-나-16,"제1조 회사의 설립은 조선 총독의 허가를 받아야 한다. 제5조 회사가 본령이나 본령에 따라 나오는 명령과 허가 조건을 위반하거나 공공질서와 선량한 풍속에 반하는 행위를 할 때 조선 총독은 사업의 정지, 지점의 폐쇄, 또는 회사의 해산을 명할 수 있다.","{'question': '다음 법령이 시행된 시기에 있었던 사실로 옳은 것은?', 'choices': ['산미 증식 계획이 폐지되었다.', '「국가 총동원법」이 제정되었다.', '원료 확보를 위한 남면북양 정책이 추진되었다.', '보통학교 수업 연한을 4년으로 정한 「조선교육령」이 공포되었다.'], 'answer': 4}",
2023-나-17,"소총회는...(중략)... 한국 인민의 대표가 국회를 구성하여 중앙정부를 수립할 수 있도록 선거를 시행함이 긴요하다고 여기며, 총회의 의결에 따라 국제연합 한국 임시위원단이 접근할 수 있는 지역에서 결의문 제2호에 기술된 계획을 시행함이 동 위원단에 부과된 임무임을 결의한다.","{'question': '다음과 같은 결의문에 근거하여 시행된 조치로 옳은 것은?', 'choices': ['미 군정청이 설치되었다.', '5·10 총선거가 실시되었다.', '좌우 합작 위원회가 구성되었다.', '미·소 공동 위원회가 개최되었다.'], 'answer': 2}",
2023-나-18,"(가) 제10관 일본국 인민이 조선국 지정의 각 항구에 머무는 동안에 죄를 범한 것이 조선국 인민에 관계되는 사건일 때에는 일본국 관원이 재판한다. (나) 제4관 중국 상인이 조선의 양화진 및 한성에 영업소를 개설할 경우를 제외하고, 각종 화물을 내륙으로 운반하여 상점을 차리고 파는 것을 허가하지 않는다. 단, 내륙행상이 필요한 경우 지방관의 허가서를 받아야 한다.","{'question': '(가), (나) 조약 사이의 시기에 있었던 사실로 옳은 것은?', 'choices': ['개항장에서는 일본 화폐가 통용되었다.', '러시아가 압록강 유역의 산림 채벌권을 획득하였다.', '황국 중앙 총상회가 조직되어 상권 수호 운동을 전개하였다.', '함경도의 방곡령에 불복하여 일본 상인이 손해 배상을 요구하였다.'], 'answer': 1}",
2023-나-19,"이제부터는 다른 나라를 의지하지 않으며 융성하도록 나라의 발걸음을 넓히고 백성의 복리를 증진하여 자주독립의 터전을 공고하게 할 것입니다.... (중략)... 이에 저 소자는 14개 조목의 홍범(洪範)을 하늘에 계신 우리 조종의 신령 앞에 맹세하노니, 우러러 조종이 남긴 업적을 잘 이어서 감히 어기지 않을 것입니다. ㄱ. 탁지아문에서 조세 부과 ㄴ. 왕실과 국정 사무의 분리 ㄷ. 지계 발급을 위한 지계아문 설치 ㄹ. 대한 천일 은행 등 금융기관 설립","{'question': ""밑줄 친 '14개 조목'에 해당하는 것만을 모두 고르면?"", 'choices': ['ㄱ, ㄴ', 'ㄱ, ㄹ', 'ㄴ, ㄷ', 'ㄷ, ㄹ'], 'answer': 1}",
2023-나-20,(가)는 만주사변 발생(1931)과 태평양전쟁 발발(1941) 사이의 시기이다.,"{'question': '(가) 시기에 볼 수 있었던 모습으로 옳지 않은 것은?', 'choices': ['소학교에 등교하는 조선인 학생', '황국 신민 서사를 암송하는 청년', '제국신문 기사를 작성하는 기자', '쌍성보에서 항전하는 한국독립당 군인'], 'answer': 3}",
2022-가-01,○ 가족이 죽으면 시체를 가매장하였다가 나중에 그 뼈를 추려서 가족 공동 무덤인 커다란 목곽에 안치하였다. ○ 목곽 입구에는 죽은 자가 먹을 양식으로 쌀을 담은 항아리를 매달아 놓기도 하였다. - 『삼국지』 위서 동이전 -,"{'question': '다음 풍습이 있었던 나라에 대한 설명으로 옳은 것은?', 'choices': ['민며느리제라는 혼인 풍습이 있었다.', '제가가 별도로 사출도를 다스렸다.', '소도라는 신성 구역이 존재하였다.', '무천이라는 제천행사를 열었다.'], 'answer': 1}",
2022-가-02,,"{'question': '우리나라 유네스코 세계유산에 대한 설명으로 옳지 않은 것은?', 'choices': ['미륵사지에는 목탑 양식의 석탑이 있다.', '정림사지에는 백제의 5층 석탑이 남아 있다.', '능산리 고분군에는 계단식 돌무지무덤이 있다.', '무령왕릉에는 무덤 주인공을 알려주는 지석이 있었다.'], 'answer': 3}",
2022-가-03,,"{'question': '조선 시대의 관청에 대한 설명으로 옳은 것은?', 'choices': ['사간원 － 교지를 작성하였다.', '한성부 － 시정기를 편찬하였다.', '춘추관 － 외교문서를 작성하였다.', '승정원 － 국왕의 명령을 출납하였다.'], 'answer': 4}",
2022-가-04,3·1 운동 직후에 만들어진 (가) 은/는 연통제라는 비밀 행정 조직을 만들었으며 국내 인사와의 연락과 이동을 위해 교통국을 두었다. 또 외교 선전물을 간행하여 일제 침략의 부당성을 널리 알리고자 하였다. 그러나 이러한 활동은 뚜렷한 성과를 내지 못하였다. 그러한 가운데 (가)의 활동 방향을 두고 외교 운동 노선과 무장 투쟁 노선 사이에서 갈등이 빚어지기도 하였다.,"{'question': '(가)에 대한 설명으로 옳은 것은?', 'choices': ['외교 운동을 위해 미국에 구미 위원부를 설치하였다.', '비밀결사 운동을 추진하고자 독립 의군부를 만들었다.', '이인영 허위 등을 중심으로 서울 진공 작전을 추진하였다.', '영국인 베델을 발행인으로 한 대한매일신보를 창간하였다.'], 'answer': 1}",
2022-가-05,(가) 중국 유학에서 돌아와 부석사를 비롯한 여러 사원을 건립하였으며 문무왕이 경주에 성곽을 쌓으려 할 때 만류한 일화로 유명하다. (나) 진골 귀족 출신으로 대국통을 역임하였으며 선덕여왕에게 황룡사 9층 탑의 건립을 건의하였다.,"{'question': '다음 (가), (나) 승려에 대한 설명으로 옳은 것은?', 'choices': ['(가)는 모든 것이 한마음에서 나온다는 일심사상을 제시하였다.', '(가)는 화엄일승법계도를 만들었다.', '(나)는 왕오천축국전이라는 여행기를 남겼다.', '(나)는 이론과 실천을 같이 강조하는 교관겸수를 제시하였다.'], 'answer': 2}",
2022-가-06,당 현종 개원 7년에 대조영이 죽으니 그 나라에서 사사로이 시호를 올려 고왕(高王)이라 하였다. 아들 (가) 이/가 뒤이어 왕위에 올라 영토를 크게 개척하니 동북의 모든 오랑캐가 겁을 먹고 그를 섬겼으며 또 연호를 인안(仁安)으로 고쳤다. － 신당서 －,"{'question': '(가) 왕에 대한 설명으로 옳은 것은?', 'choices': ['수도를 상경성으로 옮겼다.', '해동성국이라고 불릴 만큼 전성기를 이루었다.', '장문휴를 시켜 당의 등주(산둥성)를 공격하였다.', '고구려 유민과 말갈족을 이끌고 동모산에 도읍을 정하였다.'], 'answer': 3}",
2022-가-07,조선 시대 국가를 운영하는 핵심 법전인 경국대전은 세조 대에 그 편찬이 시작되어 (가) 대에 완성되었다. 이후 여러 차례의 전쟁으로 혼란에 빠진 국가 체제를 수습하고 새로운 정치·사회적 변화에 대응하기 위해 법전 정비가 필요하게 되었다. 이에 따라 (나) 대에 속대전을 편찬하였으며 (다) 대에 대전통편을 그리고 (라) 대에는 대전회통을 편찬하였다.,"{'question': '(가)～(라) 국왕 대에 있었던 사실로 옳지 않은 것은?', 'choices': ['(가) － 홍문관을 두어 집현전을 계승하였다.', '(나) － 서원을 붕당의 근거지로 인식하여 대폭 정리하였다.', '(다) － 사도세자의 무덤을 옮기고 화성을 축조하였다.', '(라) － 삼정의 문란을 바로잡기 위해 삼정이정청을 설치했다.'], 'answer': 4}",
2022-가-08,중종에 의해 등용된 조광조는 현량과를 통해 사림을 대거 등용하였다. 그는 3사의 언관직을 통해 개혁을 추진해 나갔고 위훈삭제를 주장하기도 하였다. 이러한 움직임은 반발을 불러일으켰으며 중종도 급진적인 개혁 조치에 부담을 느껴 조광조 등을 제거하였다. 이 사건으로 사림은 큰 피해를 입었다.,"{'question': '밑줄 친 사건의 명칭은?', 'choices': ['갑자사화', '기묘사화', '무오사화', '을사사화'], 'answer': 2}",
2022-가-09,(가) 역사서의 저자는 다음과 같은 글을 지어 왕에게 바쳤다. 성상 전하께서 옛 사서를 널리 열람하시고 지금의 학사 대부는 모두 오경과 제자의 책과 진한 역대의 사서에는 널리 통하여 상세히 말하는 이는 있으나 도리어 우리나라의 사실에 대하여서는 망연하고 그 시말을 알지 못하니 심히 통탄할 일이다. ... 일관된 역사를 완성하고 만대에 물려주어 해와 별처럼 빛나게 해야 하겠다.라고 하셨다. (나) 역사서에는 다음과 같은 서문이 실려 있다. 부여씨와 고씨가 망한 다음에 김씨의 신라가 남에 있고 대씨의 발해가 북에 있으니 이것이 남북국이다. 여기에는 마땅히 남북국사가 있어야 할 터인데 고려가 그것을 편찬하지 않은 것은 잘못이다.,"{'question': '(가), (나)에 대한 설명으로 옳은 것은?', 'choices': ['(가)는 동명왕의 업적을 칭송한 영웅 서사시이다.', '(가)는 불교를 중심으로 고대 설화를 수록하였다.', '(나)는 만주 지역까지 우리 역사의 범위를 확장하였다.', '(나)는 고조선부터 고려에 이르는 역사를 체계적으로 정리하였다.'], 'answer': 3}",
2022-가-10,"토지를 겸병하는 자라고 해서 어찌 진정으로 빈민을 못살게 굴고 나라의 정치를 해치려고 했겠습니까? 근본을 다스리고자 하는 자라면 역시 부호를 심하게 책망할 것이 아니라 관련 법제가 세워지지 않은 것을 걱정해야 할 것입니다. (중략) 진실로 토지의 소유를 제한하는 법령을 워, “어느 해 어느 달 이후로는 제한된 면적을 초과해 소유한 자는 더는 토지를 점하지 못한다. 이 법령이 시행되기 이전부터 소유한 것에 대해서는 아무리 광대한 면적이라 해도 불문에 부친다. 자손에게 분급해 주는 것은 허락한다. 만약에 사실대로 고하지 않고 숨기거나 법령을 공포한 이후에 제한을 넘어 더 점한 자는 백성이 적발하면 백성에게 주고, 관(官)에서 적발하면 몰수한다.”라고 하면, 수십 년이 못 가서 전국의 토지 소유는 균등하게 될 것입니다.
","{'question': '다음 주장을 한 실학자가 쓴 책은?', 'choices': ['반계수록', '성호사설', '열하일기', '목민심서'], 'answer': 3}",
2022-가-11,한국을 식민지로 삼은 일제는 헌병에게 경찰 업무를 부여한 헌병 경찰제를 시행했다. 헌병 경찰은 정식 재판 없이 한국인에게 벌금 등의 처벌을 가하거나 태형에 처할 수도 있었다. 한국인은 이처럼 강압적인 지배에 저항해 3·1 운동을 일으켰으며 일제는 이를 계기로 지배 정책을 전환했다. 일제가 한국을 병합한 직후부터 3·1 운동이 벌어진 때까지를 (가) 시기라고 부른다.,"{'question': '(가) 시기에 있었던 사실로 옳은 것은?', 'choices': ['토지 조사령이 공포되었다.', '창씨개명 조치가 시행되었다.', '초등 교육 기관의 명칭이 국민학교로 변경되었다.', '전쟁 물자 동원을 내용으로 한 국가 총동원법이 적용되었다.'], 'answer': 1}",
2022-가-12,한국 국민당을 이끌던 그는 독립운동 세력을 통합하고자 한국 독립당을 결성해 항일 운동을 주도하였다. 광복 직후 귀국한 그는 정부 수립을 위한 활동을 이어나갔으며 남한 단독 선거가 결정되자 김규식과 더불어 남북 협상을 위해 평양을 방문하기도 하였다.,"{'question': '밑줄 친 그에 대한 설명으로 옳은 것은?', 'choices': ['좌우 합작 위원회를 구성해 좌우 합작 7원칙을 발표하였다.', '광복 직후 안재홍 등과 함께 조선 건국 준비 위원회를 만들었다.', '무장 항일 투쟁을 위해 하와이로 건너가 대조선 국민 군단을 결성하였다.', '모스크바 3국 외상 회의의 결정 사항이 알려지자 신탁 통치 반대 운동을 펼쳤다.'], 'answer': 4}",
2022-가-13,,"{'question': '제헌 국회에 대한 설명으로 옳은 것은?', 'choices': ['반민족 행위 특별 조사 위원회를 구성하였다.', '한·일 기본 조약 체결에 반대하는 성명을 내놓았다.', '통일 3대 원칙이 언급된 7·4 남북 공동 성명을 발표하였다.', '통일 주체 국민 회의에서 대통령을 뽑는다는 내용의 개헌안을 통과시켰다.'], 'answer': 1}",
2022-가-14,고종이 즉위한 직후에 실권을 장악한 그는 러시아를 견제하기 위해 천주교 선교사를 통해 프랑스와 교섭하려 했다. 하지만 천주교를 금지해야 한다는 유생의 주장이 높아지자 다수의 천주교도와 선교사를 잡아들여 처형한 병인박해를 일으켰다. 이후 고종의 친정이 시작됨에 따라 물러난 그는 임오군란이 일어났을 때 잠시 권력을 장악했지만 청군의 개입으로 곧 물러났다.,"{'question': '밑줄 친 그에 대한 설명으로 옳은 것은?', 'choices': ['미국에 보빙사라는 사절단을 파견하였다.', '전국 여러 곳에 척화비를 세우도록 했다.', '국경을 획정하고자 백두산정계비를 세웠다.', '통리기무아문을 설치하고 그 아래에 12사를 두었다.'], 'answer': 2}",
2022-가-15,"백제 개로왕은 장기와 바둑을 좋아하였는데, 도림이 고하기를 “제가 젊어서부터 바둑을 배워 꽤 묘한 수를 알게 되었으니 개로왕께 알려드리기를 원합니다.”라고 하였다. (중략) 개로왕이 (도림의 말을 듣고) 나라 사람을 징발하여 흙을 쪄서 성(城)을 쌓고 그 안에는 궁실, 누각, 정자를 지으니 모두가 웅장하고 화려하였다. 이로 말미암아 창고가 비고 백성이 곤궁하니, 나라의 위태로움이 알을 쌓아 놓은 것보다 더 심하게 되었다. 그제야 도림이 도망을 쳐 와서 그 실정을 고하니 이 왕이 기뻐하여 백제를 치려고 장수에게 군사를 나누어 주었다.
 － 『삼국사기』 －","{'question': '밑줄 친 이 왕에 대한 설명으로 옳은 것은?', 'choices': ['평양으로 도읍을 천도하였다.', '진대법을 처음으로 시행하였다.', '낙랑군을 점령하고 한 군현 세력을 몰아내었다.', '신라에 침입한 왜군을 낙동강 유역에서 물리쳤다.'], 'answer': 1}",
2022-가-16,이 건물은 주심포 양식에 맞배지붕 건물로 기둥은 배흘림 양식이다. 1972년 보수 공사 중에 공민왕 때 중창하였다는 상량문이 나와 우리나라에서 가장 오래된 목조 건물로 보고 있다.,"{'question': '다음 설명에 해당하는 문화유산은?', 'choices': ['안동 봉정사 극락전', '영주 부석사 무량수전', '예산 수덕사 대웅전', '합천 해인사 장경판전'], 'answer': 2}",
2022-가-17,아관파천 이후 러시아의 영향력이 강화되고 열강의 이권 침탈이 가속화되었다. 이러한 가운데 서재필 등은 (가) 을/를 만들었다. (가) 은/는 고종에게 자주독립을 굳건히 하고 내정 개혁을 단행하라는 내용이 담긴 상소문을 제출하였으며 만민공동회를 개최하여 외국의 간섭과 일부 관리의 부정부패를 비판하였다.,"{'question': '(가) 단체에 대한 설명으로 옳은 것은?', 'choices': ['교육 입국 조서를 작성해 공포하였다.', '영은문이 있던 자리 부근에 독립문을 세웠다.', '개혁의 기본 강령인 홍범 14조를 발표하였다.', '일본에 진 빚을 갚자는 국채 보상 운동을 일으켰다.'], 'answer': 2}",
2022-가-18,무신 정권 몰락 → (가) → 공민왕 즉위,"{'question': '(가) 시기의 사실로 옳지 않은 것은?', 'choices': ['만권당이 만들어졌다.', '정동행성이 설치되었다.', '쌍성총관부가 수복되었다.', '제왕운기가 저술되었다.'], 'answer': 3}",
2022-가-19,이 나라에는 관리에게 정해진 면적의 토지에서 조세를 거둘 수 있는 권리를 나누어 주는 전시과라는 제도가 있었다. 농민은 소를 이용해 깊이갈이를 하기도 했으며 시비법의 발달로 휴경지가 점차 줄어들었다. 밭농사는 2년 3작의 윤작법이 점차 보급되었다. 이 나라의 말기에는 직파법 대신 이앙법이 남부 지방 일부에 보급될 정도로 논농사에 변화가 나타났다. 또한 이암에 의해 중국 농서인 농상집요도 소개되었다.,"{'question': '밑줄 친 이 나라의 경제 상황에 대한 설명으로 옳지 않은 것은?', 'choices': ['재정을 운영하는 관청으로 삼사를 두었다.', '공물 부과 기준이 가호에서 토지로 바뀌었다.', '생산량의 10분의 1에 해당하는 조세를 거두었다.', '소라는 행정 구역의 주민이 국가에서 필요로 하는 물품을 생산하였다.'], 'answer': 2}",
2022-가-20,신미양요 → (가) → 갑오개혁,"{'question': '(가) 시기에 있었던 일로 옳은 것은?', 'choices': ['을사늑약 체결', '정미의병 발생', '오페르트 도굴 미수 사건', '조·미 수호 통상 조약 체결'], 'answer': 4}",
2021-나-01,펄펄 나는 저 피꾀꼬리 / 암수 서로 정답구나 / 외로울사 이 내 몸은 / 뉘와 더불어 돌아가랴,"{'question': '다음 시가를 지은 왕의 재위 기간에 있었던 사실은?', 'choices': ['진대법을 시행하였다.', '낙랑군을 축출하였다.', '졸본에서 국내성으로 천도하였다.', '율령을 반포하여 중앙집권 체제를 강화하였다.'], 'answer': 3}",
2021-나-02,풍기군수 주세붕은 고려시대 유학자의 고향인 경상도 순흥면 백운동에 회헌사(晦軒 )를 세우고 1543년에 교육시설을 더해서 백운동 서원을 건립하였다.,"{'question': ""밑줄 친 '유학자'에 대한 설명으로 옳은 것은?"", 'choices': ['해주향약을 보급하였다.', '원 간섭기에 성리학을 국내로 소개하였다.', '『성학십도』를 저술하여 경연에서 강의하였다.', '일본의 동정을 담은 『해동제국기』를 저술하였다.'], 'answer': 2}",
2021-나-03,1919년 3월 1일 탑골 공원에서 민족대표 33인이 서명한 독립 선언서가 낭독되었다. 이 공원에 있는 탑은 왕이 세운 것으로 경천사 10층 석탑의 영향을 받았다.,"{'question': ""밑줄 친 '왕'에 대한 설명으로 옳은 것은?"", 'choices': ['우리나라 전쟁사를 정리한 『동국병감』을 편찬하였다.', '우리나라 역대 문장의 정수를 모은 『동문선』을 편찬하였다.', '6조 직계제를 실시하여 국왕 중심의 정치체제를 구축하였다.', '한양으로 다시 천도하면서 이궁인 창덕궁을 창건하였다.'], 'answer': 3}",
2021-나-04,(가) 이/가 올립니다. 지방의 경우에는 관찰사와 수령 서울의 경우에는 홍문관과 육경(六卿) 그리고 대간(臺諫)들이 모두 능력 있는 사람을 천거하게 하십시오. 그 후 대궐에 모아 놓고 친히 여러 정책과 관련된 대책 시험을 치르게 한다면 인물을 많이 얻을 수 있을 것입니다. 이는 역대 선왕께서 하지 않으셨던 일이요 한나라의 현량과와 방정과의 뜻을 이은 것입니다. 덕행은 여러 사람이 천거하는 바이므로 반드시 헛되거나 그릇되는 일이 없을 것입니다.,"{'question': '(가)인물에 대한 설명으로 옳은 것은?', 'choices': ['기묘사화로 탄압받았다.', '조의제문을 사초에 실었다.', '문정왕후의 수렴청정을 지지하였다.', '연산군의 생모 윤씨를 폐비하는 데 동조하였다.'], 'answer': 1}",
2021-나-05,ㄱ. 양양 오산리 유적 - 덧무늬토기 / ㄴ. 서울 암사동 유적 - 빗살무늬토기 / ㄷ. 공주 석장리 유적 - 미송리식 주먹토기 / ㄹ. 부산 동삼동 유적 - 아슐리안형 주먹도끼,"{'question': '신석기시대 유적과 유물을 바르게 연결한 것만을 모두 고르면?', 'choices': ['ㄱ, ㄴ', 'ㄱ, ㄹ', 'ㄴ, ㄷ', 'ㄷ, ㄹ'], 'answer': 1}",
2021-나-06,고구려의 침입으로 한성이 함락되자 수도를 웅진으로 옮겼다. → (가) → 성왕은 사비로 도읍을 옮겼다.,"{'question': '(가) 시기에 신라에서 있었던 사실은?', 'choices': ['대가야를 정복하였다.', '황초령순수비를 세웠다.', '거칠부가 『국사』를 편찬하였다.', '이차돈의 순교를 계기로 불교가 공인되었다.'], 'answer': 4}",
2021-나-07,,"{'question': '시기별 대외 교류에 관한 설명으로 옳지 않은 것은?', 'choices': ['백제: 노리사치계가 일본에 불경과 불상을 전하였다.', '통일신라: 장보고가 청해진을 설치하여 해상권을장악하였다.', '고려: 예성강 하구의 벽란도가 국제항으로 번성하였다.', '조선: 명과의 교류에서 중강개시와 책문후시가전개되었다'], 'answer': 4}",
2021-나-08,ㄱ. 공주 송산리 고분군에는 전축분인 6호분과 무령왕릉이 있다. / ㄴ. 양산 통도사는 금강계단 불사리탑이 있는 삼보 사찰이다. / ㄷ. 남한산성은 병자호란 때 인조가 피난했던 산성이다. / ㄹ. 『승정원일기』는 역대 왕의 훌륭한 언행을 실록』에서 뽑아 만든 사서이다.,"{'question': '우리나라 세계유산과 세계기록유산에 대한 설명으로 옳은 것만을 모두 고르면?', 'choices': ['ㄱ, ㄴ', 'ㄴ, ㄷ', 'ㄱ, ㄴ, ㄷ', 'ㄱ, ㄷ, ㄹ'], 'answer': 3}",
2021-나-09,ㄱ. 돈화: 정효공주 무덤을 찾아 백회에 그려진 인물들의 복식을 탐구한다. / ㄴ. 화룡: 용두산 고분군을 찾아 벽돌무덤의 특징을 탐구한다. / ㄷ. 영안: 오봉루 성문터를 찾아 성의 구조를 당의 장안성과 비교해 본다. / ㄹ. 훈춘: 정혜공주 무덤을 찾아 고구려 무덤과의 계승성을 탐구한다.,"{'question': '다음은 발해 수도에 대한 답사 계획이다. 각 수도에 소재하는 유적에 대한 탐구 내용으로 옳은 것만을 모두 고르면?', 'choices': ['ㄱ, ㄴ', 'ㄱ, ㄹ', 'ㄴ, ㄷ', 'ㄷ, ㄹ'], 'answer': 3}",
2021-나-10,석교(釋敎)를 행하는 것은 수신(修身)의 근본이요 유교를 행하는 것은 이국(理國)의 근원입니다. 수신은 내생의 자(資)요 이국은 금일의 요무(要務)로서 금일은 지극히 가깝고 내생은 지극히 먼 것인데도 가까움을 버리고 먼 것을 구함은 또한 잘못이 아니겠습니까.,"{'question': '다음 상소문을 올린 왕대에 있었던 사실은?', 'choices': ['양경과 12목에 상평창을 설치하였다.', '균여를 귀법사 주지로 삼아 불교를 정비하였다.', '국자감에 7재를 두어 관학을 부흥하고자 하였다.', '전지(田地)와 시지(柴地)를 지급하는 경정 전시과를 실시하였다.'], 'answer': 1}",
2021-나-11,,"{'question': '이승만 정부의 경제 정책으로 옳지 않은 것은?', 'choices': ['한미 원조 협정을 체결하였다.', '농지개혁에 따른 지가증권을 발행하였다.', '제분 제당 면방직 등 삼백 산업을 적극 지원하였다.', '제1차 경제개발 5개년 계획을 추진하였다.'], 'answer': 4}",
2021-나-12,,"{'question': '중일전쟁 이후 조선총독부가 시행한 민족 말살 정책이 아닌 것은?', 'choices': ['아침마다 궁성요배를 강요하였다.', '일본에 충성하자는 황국 신민 서사를 암송하게 하였다.', '공업 자원의 확보를 위하여 남면북양 정책을 시행하였다.', '황국 신민 의식을 강화하고자 소학교를 국민학교로 개칭하였다.'], 'answer': 3}",
2021-나-13,"1905년 8월 4일 오후 3시, 우리가 앉아있는 곳은 새거모어힐의대기실. 루스벨트의 저택이다. 새거모어 힐은 루스벨트의여름용 대통령 관저로 3층짜리 저택이다. …(중략) …대통령과마주하자 나는 말했다. “감사합니다. 각하. 저는대한제국황제의 친필 밀서를 품고 지난 2월에 헤이 장관을만난사람입니다. 그 밀서에서 우리 황제는 1882년에 맺은조약의거중조정 조항에 따른 귀국의 지원을 간곡히 부탁했습니다.","{'question': ""밑줄 친 '조약'에 대한 설명으로 옳지 않은 것은?"", 'choices': ['영사재판권이 인정되었다.', '임오군란을 계기로 체결되었다.', '최혜국 대우 조항이 포함되었다.', '조선책략 의 영향을 받았다.'], 'answer': 2}",
2021-나-14,ㄱ. 부호장 이하의 향리는 사심관의 감독을 받았다. / ㄴ. 상층 향리는 과거로 중앙 관직에 진출할 수 있었다. / ㄷ. 일부 향리의 자제들은 기인으로 선발되어 개경으로 보내졌다. / ㄹ. 속현의 행정 실무는 향리가 담당하였다.,"{'question': '고려시대 향리에 대한 설명으로 옳은 것만을 모두 고르면?', 'choices': ['ㄱ, ㄴ', 'ㄱ, ㄹ', 'ㄴ, ㄷ, ㄹ', 'ㄱ, ㄴ, ㄷ, ㄹ'], 'answer': 4}",
2021-나-15,"대개 이 농법을 귀중하게 여기는 이유는 다음과같다. 두땅의 힘으로 하나의 모를 서로 기르는 것이고, …(중략) …옛 흙을 떠나 새 흙으로 가서 고갱이를 씻어 내어더러운것을 제거하는 것이다. 무릇 벼를 심는 논에는 물을끌어들일수 있는 하천이나 물을 댈 수 있는 저수지가 꼭필요하다. 이러한 것이 없다면 볏논이 아니다. - 임원경제지 - / ㄱ. 세종 때 편찬된 농사직설』에도 등장한다. / ㄴ. 고랑에 작물을 심도록 하였다. / ㄷ. 경국대전』의 수령칠사 항목에서도 강조되었다. / ㄹ. 직파법보다 풀 뽑는 노동력을 절약할 수 있었다.","{'question': ""밑줄 친 '이 농법'에 대한 설명으로 옳은 것만을 모두 고르면?"", 'choices': ['ㄱ, ㄴ', 'ㄱ, ㄹ', 'ㄴ, ㄷ', 'ㄷ, ㄹ'], 'answer': 2}",
2021-나-16,"이 헌법은 한 사람의 집권자가 긴급조치라는 형식적인 법 절차와 권력 남용으로 양보할 수 없는 국민의 기본 인권과 존엄성을 억압하였다. 그리고 이러한 권력 남용에 형식적인 합법성을 부여하고자 … (중략) … 입법, 사법, 행정 3권을 한 사람의 집권자에게 집중시키고 있다.","{'question': ""밑줄 친 '헌법'이 시행 중인 시기에 일어난 사건은?"", 'choices': ['부·마 민주항쟁이 일어났다.', '국민교육헌장을 선포하였다.', '7 4 남북공동성명이 발표되었다.', '한일 협정 체결을 반대하는 6·3 시위가 있었다.'], 'answer': 1}",
2021-나-17,"본 회의는 2천만 민중의 공정한 뜻에 바탕을 둔 국민적 대화합으로 최고의 권위를 가지고 국민의 완전한 통일을 공고하게 하며, 광복 대업의 근본 방침을 수립하여 우리 민족의 자유를 만회하며 독립을 완성하기를 기도하고 이에 선언하노라. …(중략) … 본 대표 등은 국민이 위탁한 사명을 받들어 국민적 대단결에 힘쓰며 독립운동이 나아갈 방향을 확립하여 통일적 기관 아래에서 대업을 완성하고자 하노라","{'question': ""밑줄 친 '회의'에서 있었던 사실은?"", 'choices': ['대한민국 건국 강령이 상정되었다.', '박은식이 임시대통령으로 선출되었다.', '민족유일당운동 차원에서 조선혁명당이 참가하였다.', '임시정부를 대체할 새로운 조직을 만들자는 주장이 나왔다.'], 'answer': 4}",
2021-나-18,"제1조 토지의 조사 및 측량은 본령에 따른다. 제4조 토지 소유자는 조선 총독이 정한 기간 내에 주소, 성명 또는 명칭 및 소유지의 소재, 지목, 자 번호, 사표, 등급, 지적, 결수를 임시토지조사국장에게 신고해야 한다. 단 국유지는 보관 관청이 임시토지 조사국장에게 통지해야 한다.","{'question': '다음 법령에 따라 시행된 사업에 대한 설명으로 옳은 것은?', 'choices': ['농상공부를 주무 기관으로 하였다.', '역둔토 궁장토를 총독부 소유로 만들었다.', '토지약탈을 위해 동양척식회사를 설립하였다.', '춘궁 퇴치,농가 부채 근절을 목표로 내세웠다.'], 'answer': 2}",
2021-나-19,,"{'question': '개항기 무역에 대한 설명으로 옳지 않은 것은?', 'choices': ['개항장에서 조선인 객주가 중개 활동을 하였다.', '조·청 무역장정으로 청국에서의 수입액이 일본을 앞질렀다.', '일본 상인은 면제품을 팔고 쇠가죽 쌀·콩 등을 구입하였다.', '조·일 통상장정의 개정으로 곡물 수출이 금지되기도 하였다.'], 'answer': 2}",
2021-나-20,"군역에 뽑힌 장정에게 군포를 거두었는데, 그 폐단이많아서백성들이 뼈를 깎는 원한을 가졌다. 그런데 사족들은한평생한가하게 놀며 신역(身役)이 없었다. … (중략) …그러나유속(流俗)에 끌려 이행되지 못하였으나 갑자년초에그가강력히 나서서 귀천이 동일하게 장정 한 사람마 세납전(歲納錢) 2민(緡)을 바치게 하니, 이를 동포전(洞布錢)이라고하였다. - 매천야록 -","{'question': ""밑줄 친 '그'에 대한 설명으로 옳은 것은?"", 'choices': ['만동묘 건립을 주도하였다.', '군국기무처 총재를 역임하였다.', '통리기무아문을 폐지하고 5군영을 부활하였다.', '탕평 정치를 정리한 만기요람』을 편찬하였다.'], 'answer': 3}",
hf-0,,"{'question': '청동기 시대에 커다란 돌을 쌓아 만든 족장의 무덤을 무엇이라고 하는가?', 'choices': ['고분', '고인돌', '돌무덤', '돌기와집', '굴식돌방'], 'answer': 2}",
hf-1,,"{'question': '우리 나라 최초의 국가는?', 'choices': ['발해', '조선', '고구려', '신라', '고조선'], 'answer': 5}",
hf-2,,"{'question': '‘널리 인간을 이롭게 한다.’는 고조선의 건국 이념은?', 'choices': ['제왕운기', '공동번영', '인류공영', '만민보', '홍익인간'], 'answer': 5}",
hf-3,,"{'question': '단군 왕검이 하늘에 제사를 지냈다는 참성단이 있는 곳은?', 'choices': ['평양', '춘천', '강화도', '백두산', '강릉'], 'answer': 3}",
hf-4,,"{'question': '동명 성왕인 주몽이 세운 나라의 이름은?', 'choices': ['발해', '신라', '고구려', '고려', '백제'], 'answer': 3}",
hf-5,,"{'question': '삼국이 통일된 후 대조영이 옛 고구려의 영토에 세운 나라는?', 'choices': ['고구려', '백제', '발해', '신라', '고려'], 'answer': 3}",
hf-6,,"{'question': '신라가 삼국 통일의 위업을 달성할 때의 왕은 누구인가?', 'choices': ['진흥왕', '진평왕', '법흥왕', '문무왕', '고국천왕'], 'answer': 4}",
hf-7,,"{'question': '화랑도 정신인 세속 오계를 지은 사람은?', 'choices': ['원효 대사', '원광 법사', '양지 스님', '의상', '혜공'], 'answer': 2}",
hf-8,,"{'question': '백제의 영토를 북쪽으로는 한강, 남쪽으로는 탐라국까지 넓힌 왕은 누구인가?', 'choices': ['의자왕', '문무왕', '장수왕', '법흥왕', '근초고왕'], 'answer': 5}",
hf-9,,"{'question': '고구려의 영토를 북만주까지 넓혀 고구려인의 용맹을 과시한 왕은 누구인가?', 'choices': ['문무왕', '법흥왕', '근초고왕', '장수왕', '광개토대왕'], 'answer': 5}",
hf-10,,"{'question': '고려에 처음 쳐들어온 외적으로 만주 서북부 지방에 살았고 요라는 나라를 세운 민족은?', 'choices': ['돌궐족', '여진족', '오랑캐', '거란족', '우량카이족'], 'answer': 4}",
hf-11,,"{'question': '\xa0만주 동북부 지방에 살면서 고려의 국경을 자주 넘어와서 노략질을 하였으며 금이라는 나라를 세운 민족은?', 'choices': ['우량카이족', '거란족', '돌궐족', '오랑캐', '여진족'], 'answer': 5}",
hf-12,,"{'question': '고려와 친교를 맺고 사이좋게 지냈던 나라는?', 'choices': ['고구려', '당나라', '송나라', '고조선', '미국'], 'answer': 3}",
hf-13,,"{'question': '100만이 넘는 수나라의 대군을 살수의 얕은 물로 유인하여 거의 전멸시킨 사람은 누구인가?', 'choices': ['이순신', '양만춘', '을지문덕', '홍범도', '윤권'], 'answer': 3}",
hf-14,,"{'question': '여러 해 동안 전쟁 준비를 하고 있던 일본이 1592년에 조선을 침략하였는데 이 전쟁을 무엇이라고 하는가?', 'choices': ['살수대첩', '고구려-당 전쟁', '임진왜란', '여수전쟁', '6.25 전쟁'], 'answer': 3}",
hf-15,,"{'question': '\xa0이순신 장군이 적선을 한산도 앞 넓은 바다로 유인하여 학익진 전법으로 크게 무찔러 승리한 싸움은?', 'choices': ['고구려-당 전쟁', '6.25 전쟁', '여수전쟁', '살수대첩', '한산도대첩'], 'answer': 5}",
hf-16,,"{'question': '의령 지방에서 의병을 일으켜 왜군에게 큰 타격을 준 의병장은 누구인가?', 'choices': ['윤권', '곽재우', '을지문덕', '홍범도', '양만춘'], 'answer': 2}",
hf-17,,"{'question': '한자의 소리나 뜻을 빌려 우리말을 기록한 글자는?', 'choices': ['각운', '간자체', '한자', '한글', '이두'], 'answer': 5}",
hf-18,,"{'question': '세종 대왕 때 만들어졌으며 비가 온 양을 재는 기구는?', 'choices': ['물시계', '해시계', '우량기', '측우기', '거중기'], 'answer': 4}",
hf-19,,"{'question': '많은 이두를 모아 체계를 세워, 백성들이 쉽게 사용할 수 있도록 한 사람은 누구인가?', 'choices': ['세종대왕', '장영실', '성균관', '설총', '정약용'], 'answer': 4}",
hf-20,,"{'question': '훈민정음으로 쓴 최초의 글로 왕실 조상의 역사를 노래한 것은 무엇인가?', 'choices': ['화통가', '해례', '도비가', '강강수월래', '용비어천가'], 'answer': 5}",
hf-21,,"{'question': '\xa0조선 후기 백성들이 잘 살고 나라가 튼튼해지는 방법을 연구한 학문을 무엇이라고 하는가?', 'choices': ['유교', '실학', '성리학', '양학', '불교'], 'answer': 2}",
hf-22,,"{'question': '고려 말기에 화약 및 화기의 제조를 맡아 본 임시 관청의 이름은?', 'choices': ['화통도감', '국방부', '총독부', '활총서', '화감'], 'answer': 1}",
hf-23,,"{'question': '신사임당의 아들이며 조선 시대의 대표적인 유학자로 10만 양병설을 주장한 사람은 누구인가?', 'choices': ['이황', '윤권', '정약용', '이이', '이순신'], 'answer': 4}",
hf-24,,"{'question': '장보고가 해적을 소탕하기 위하여 해군 기지인 청해진을 설치한 곳은 어디인가?', 'choices': ['제주도', '완도', '인천', '벽란도', '강화도'], 'answer': 2}",
hf-25,,"{'question': '당나라에는 신라인들이 집단으로 거주하는 마을이 있었는데 이를 무엇이라고 하는가?', 'choices': ['신촌', '신라방', '당신라', '당방', '당촌'], 'answer': 2}",
hf-26,,"{'question': '고려는 송나라 뿐만 아니라 멀리 아라비아 상인들하고도 무역을 활발히 하였는데, 당시 국제 무역항의 역할을 하였던 곳은?', 'choices': ['인천', '제주도', '벽란도', '완도', '강화도'], 'answer': 3}",
hf-27,,"{'question': '조선 시대 일본으로 보내던 사신으로 오늘날의 외교 사절에 해당하는 것은?', 'choices': ['영사', '조사', '당촌', '화통도감', '통신사'], 'answer': 5}",
hf-28,,"{'question': '조선 인조 때 제주도에 표착하여 귀화한 네덜란드인으로 조선 여인과 결혼하고 훈련도감에서 전술을 가르친 사람은?', 'choices': ['토마스', '쿤', '벨테브레', '제임스', '할버드'], 'answer': 3}",
hf-29,,"{'question': '흥선 대원군은 천주교가 유교적 전통에 맞지 않는다고 하여 프랑스 신부들을 처형하였는데 이 사건을 무엇이라고 하는가?', 'choices': ['병인박해', '병인양요', '기해박해', '신미양요', '신유박해'], 'answer': 1}",
hf-30,,"{'question': '흥선 대원군은 우리 나라 여러 곳에 서양과의 교섭을 금지하는 글을 적은 비석을 세웠는데 이를 무엇이라고 하는가?', 'choices': ['순수비', '척화비', '탕평비', '충주 고구려비', '교섭금지비'], 'answer': 2}",
hf-31,,"{'question': '1871년 미국 상선 제너럴 셔먼호 사건을 이유로 함대를 동원하여 강화도를 공격해 온 사건은 무엇인가?', 'choices': ['신미양요', '정미호란', '병인양요', '6.25 전쟁', '임진왜란'], 'answer': 1}",
hf-32,,"{'question': '1876년 강화도에서 일본의 강압에 의해 맺어진 조약은?', 'choices': ['조독 수호 통상조약', '한일합병조약', '을사조약', '조미수호통상조약', '강화도 조약'], 'answer': 5}",
hf-33,,"{'question': '외세의 침입으로부터 나라를 지키기 위해 근대적인 무기를 가지고 새로운 훈련을 받는 군대를 조직하였는데 이 군대의 이름은?', 'choices': ['친위대', '신기군', '별기군', '금군', '별동대'], 'answer': 3}",
hf-34,,"{'question': '대우를 잘 받지 못하는 구식 군인들의 불만이 폭발하여 일어난 사건은 무엇인가?', 'choices': ['임오군란', '무오군란', '정묘군란', '병인군란', '감오군란'], 'answer': 1}",
hf-35,,"{'question': '1884년 김옥균, 박영효, 홍영식, 서재필 등이 우정국 개설 축하연에서 일으킨 정변은 무엇인가?', 'choices': ['양무운동', '을사조약', '갑신정변', '을미사변', '임오군란'], 'answer': 3}",
hf-36,,"{'question': '전라도 고부 땅에서 동학 교도와 농민들이 일으킨 운동은?', 'choices': ['위정척사운동', '총파업', '동학농민운동', '일제불매운동', '독립운동'], 'answer': 3}",
hf-37,,"{'question': '전체 4쪽 중 1쪽은 영어로 나머지는 한글로 쓰여진 민간인이 만든 최초의 신문은 무엇인가?', 'choices': ['매일신보', '조선일보', '동아일보', '황성신문', '독립 신문'], 'answer': 5}",
hf-38,,"{'question': '1885년 몰래 궁궐에 침입하여 명성황후를 시해하는 야만스런 행동을 한 국가는 어디인가?', 'choices': ['미국', '일본', '러시아', '영국', '청'], 'answer': 2}",
hf-39,,"{'question': '미국 선교사로 언어학자이며 사학자였고, 육영 공원의 교수로 초빙되었으며, 우리 나라의 주권 회복 운동에 크게 활약한 사람은?', 'choices': ['제임스', '쿤', '헐버트', '언더우드', '토마스'], 'answer': 3}",
hf-40,,"{'question': '1895년 고종 황제가 교육의 중요성을 강조하면서 발표한 것은 무엇인가?', 'choices': ['교육입국조서', '을사조약', '교육헌장', '국민교육헌장', '교육조서'], 'answer': 1}",
hf-41,,"{'question': '민족 의식을 교육할 새로운 학교를 세우자는 원산 주민들의 자발적인 성금으로 설립한 최초의 근대적 사립 학교는 무엇인가?', 'choices': ['이화학당', '광혜원', '육영 공원', '원산 학사', '배재 학당'], 'answer': 4}",
hf-42,,"{'question': '감사, 보은하는 생활과 근면, 저축하는 생활 등 우리 민족의 자립 정신을 일깨운 종교는 무엇인가?', 'choices': ['기독교', '원불교', '천주교', '유교', '동학'], 'answer': 2}",
hf-43,,"{'question': '‘사람이 곧 하늘이다.’라는 인간 중심 사상에 뿌리를 두고 국민들에게 애국심을 불어넣은 종교는 무엇인가?', 'choices': ['동학', '유교', '기독교', '천도교', '천주교'], 'answer': 4}",
hf-44,,"{'question': '나철이 단군 신앙을 바탕으로 창시한 민족 종교는 무엇인가?', 'choices': ['천도교', '대종교', '동학', '천주교', '기독교'], 'answer': 2}",
hf-45,,"{'question': '순 한글로 쓰여졌고, 서민 생활을 주제로 하는 소설은 무엇인가?', 'choices': ['시조', '국문학', '판소리', '과도기 소설', '신소설'], 'answer': 5}",
hf-46,,"{'question': '한글 문법과 맞춤법의 과학적 연구에 몰두하여 ‘국어 문법’을 펴냈고, 조선어 학회를 만들 사람은 누구인가?', 'choices': ['윤동주', '주시경', '신채호', '세종대왕', '서재필'], 'answer': 2}",
hf-47,,"{'question': '집배원을 예전에는 무엇이라고 불렀는가?', 'choices': ['운반인', '배달원', '벙거지꾼', '물건옮김이', '전달원'], 'answer': 3}",
hf-48,,"{'question': '1884년에 설치되어 근대적인 우편 사무를 담당한 곳은?', 'choices': ['조선총독부', '우정국', '광혜원', '우편국', '우체국'], 'answer': 2}",
hf-49,,"{'question': '지석영의 노력으로 실시되어 보급된 천연두를 치료하는 의술은?', 'choices': ['우두법', '종두법', '백신', '코로나 19 백신', 'MMR 백신'], 'answer': 2}",
hf-50,,"{'question': '1885년에 발행한 우리 나라 최초의 우두 총서로 지석영이 쓴 책은 무엇인가?', 'choices': ['자전석요', '동의보감', '우두 신서', '마과회통', '종두신서'], 'answer': 3}",
hf-51,,"{'question': '우리 나라 최초의 근대식 의료 기관은 무엇인가?', 'choices': ['활인서', '세브란스', '보구녀관', '혜민국', '광혜원'], 'answer': 5}",
hf-52,,"{'question': '우리 나라에서 최초로 만들어진 철교는 무엇인가?', 'choices': ['한강 철교', '동작대교', '성수대교', '반포대교', '마포대교'], 'answer': 1}",
hf-53,,"{'question': '나라를 지키기 위해 무기를 들고 일본군과 맞서 싸운 농민과 평민들을 무엇이라고 하는가?', 'choices': ['의용군', '관병', '빨치산', '평농군', '의병'], 'answer': 5}",
hf-54,,"{'question': '우리가 일본의 보호를 받아야 되며, 일본의 허락없이 다른 나라와 외교 관계를 맺을 수 없게 한 조약은 무엇인가?', 'choices': ['병오조약', '을사조약', '한일합병조약', '정미조약', '제물포조약'], 'answer': 2}",
hf-55,,"{'question': '군인으로서 나라를 지키지 못한 것을 부끄럽게 여겨 스스로 목숨을 끊은 우리 나라 군대의 대대장은 누구인가?', 'choices': ['안중근', '윤봉길', '홍범도', '김구', '박승환'], 'answer': 5}",
hf-56,,"{'question': '1910년 우리 나라의 주권을 빼앗긴 역사적 사건은 무엇인가?', 'choices': ['이토 히로부미 암살', '정미조약', '제물포조약', '국권 침탈', '을사조약'], 'answer': 4}",
hf-57,,"{'question': '일제에 의하여 우리 나라의 주권이 강탈되었던 때는 언제인가?', 'choices': ['1911년', '1908년', '1912년', '1910년', '1909년'], 'answer': 4}",
hf-58,,"{'question': '3․1 운동 때 낭독한 독립 선언서를 작성한 사람은 누구인가?', 'choices': ['윤봉길', '안중근', '박승환', '최남선', '김구'], 'answer': 4}",
hf-59,,"{'question': '제 1차 세계 대전이 끝난 후, 파리 강화 회의에서 민족의 운명은 그 민족 스스로 결정한다는 말을 한 미국의 대통령은 누구인가?', 'choices': ['링컨', '바이든', '루스벨트', '윌슨', '트럼프'], 'answer': 4}",
hf-60,,"{'question': '민족 대표 33인이 독립 선언서를 낭독하고 만세 삼창을 한 곳은 어디인가?', 'choices': ['광화문 광장', '용산 공원', '탑골 공원', '독립문', '아우내 장터'], 'answer': 3}",
hf-61,,"{'question': '일제는 3․1 운동을 통해 우리 민족을 무력으로만 지배할 수 없다는 것을 깨닫고, 식민 통치 정책을 바꾸었는데 이를 무엇이라고 하는가?', 'choices': ['통제 정치', '억압 정치', '회유 정치', '문화 정치', '밀실 정치'], 'answer': 4}",
hf-62,,"{'question': '임시 정부의 주석으로 한인 애국단을 조직하여 독립 운동을 한 분은 누구인가?', 'choices': ['최남선', '김구', '박승환', '안중근', '윤봉길'], 'answer': 2}",
hf-63,,"{'question': '1919년 일제의 주요 기관을 파괴하고 일본 관리를 암살할 목적으로 만주 길림성에서 조직된 단체는 무엇인가?', 'choices': ['조선의용대', '의열단', '조선민족혁명당', '광복군', '한인애국단'], 'answer': 2}",
hf-64,,"{'question': '중국 상하이에서 일본 우두머리를 암살할 목적으로 김구가 조직하였으며 많은 독립 투사를 배출한 단체는 무엇인가?', 'choices': ['광복군', '의열단', '한인 애국단', '조선의용대', '조선민족혁명당'], 'answer': 3}",
hf-65,,"{'question': '\xa0일본 왕의 생일을 기념하는 행사에 도시락 폭탄을 던져 여러 중요 인물을 죽이거나 크게 다치게 하고 순국한 분은 누구인가?', 'choices': ['윤봉길', '최남선', '안중근', '박승환', '김구'], 'answer': 1}",
hf-66,,"{'question': '대한민국 임시 정부가 중국의 여러 지역에 흩어져 싸우고 있던 독립군을 하나로 모아 만든 군대는 무엇인가?', 'choices': ['의열단', '광복군', '조선의용대', '조선민족혁명당', '한인애국단'], 'answer': 2}",
hf-67,,"{'question': '안창호 선생이 나라의 힘을 기르는 방법은 교육을 통해서 백성들을 깨우치는 것이라 생각하고 평양에 세운 학교는 무엇인가?', 'choices': ['원산 학사', '대성 학교', '육영 공원', '배재 학당', '이화학당'], 'answer': 2}",
hf-68,,"{'question': '안창호 선생이 우리 민족이 단결하고 독립 정신을 잃지 않도록 하기 위해 조직한 단체는 무엇인가?', 'choices': ['조선의용대', '의열단', '한인 애국단', '흥사단', '광복군'], 'answer': 4}",
hf-69,,"{'question': '일본에 주권을 빼앗긴 후, 우리 민족의 경제적 자립을 이루기 위해 ‘조선 물건 쓰기 운동’을 벌인 사람은 누구인가?', 'choices': ['최남선', '안중근', '윤봉길', '박승환', '조만식'], 'answer': 5}",
hf-70,,"{'question': '조선 물건 쓰기 운동을 적극적으로 후원헀던 당시의 신문사는 어디였는가?', 'choices': ['매일신보', '동아 일보', '시대일보', '조선일보', '황성신문'], 'answer': 2}",
hf-71,,"{'question': '1910년부터 3년간 주시경 밑에서 한글과 문법을 배웠으며 ‘우리말본’을 지은 한글 학자는 누구인가?', 'choices': ['나운규', '최현배', '신익현', '신채호', '안익태'], 'answer': 2}",
hf-72,,"{'question': '일제 시대 때 음악 활동을 한 사람 중에서 애국가를 작곡한 사람은 누구인가?', 'choices': ['안익태', '신익현', '신채호', '안익태', '최현배'], 'answer': 1}",
hf-73,,"{'question': '일제 침략기 때 연극 활동을 전개한 단체의 이름은 무엇인가?', 'choices': ['한인 애국단', '조선의용대', '광복군', '토월회', '의열단'], 'answer': 4}",
hf-74,,"{'question': '영화 ‘아리랑’을 제작하여 민족의 슬픔을 달래고, 일본에 대항하는 정신을 불러일으켰으며 한국 영화의 터전을 마련한 사람은 누구인가?', 'choices': ['최현배', '신익현', '안익태', '신채호', '나운규'], 'answer': 5}",
hf-75,,"{'question': '‘봉선화’를 작곡하여 망국의 슬픔과 분함을 독특한 선율로 나타낸 음악가는 누구인가?', 'choices': ['신익현', '신채호', '나운규', '최현배', '홍난파'], 'answer': 5}",
hf-76,,"{'question': '고조선은 국가 통치를 위해 어떠한 법을 사용했는가?', 'choices': ['경국대전', '과거제', '시무 28조', '8조금법', '천거제'], 'answer': 4}",
hf-77,,"{'question': '백제의 왕중에서 불교를 공인하고 중앙 집권 체제를 확립한 왕은?', 'choices': ['진흥왕', '침류왕', '법흥왕', '태종무열왕', '문무왕'], 'answer': 2}",
hf-78,,"{'question': '견훤이 완산주(전주)에 도읍을 정하고 세운 나라는?', 'choices': ['고려', '통일신라', '후고구려', '발해', '후백제'], 'answer': 5}",
hf-79,,"{'question': '고려는 유교 정치 강화를 위해 최승로를 통해서 무엇을 만들었는가?', 'choices': ['과거제', '시무 26조', '시무 28조', '경국대전', '천거제'], 'answer': 3}",
hf-80,,"{'question': '고려 후기 임금 중에서 친원파를 숙청하고 정방을 폐지했던 임금은?', 'choices': ['충선왕', '충렬왕', '원종', '충숙왕', '공민왕'], 'answer': 5}",
hf-81,,"{'question': '조선의 왕권 강화 기구는 승정원과 또 하나는 무엇인가?', 'choices': ['중추부', '비변사', '의금부', '사헌부', '규장각'], 'answer': 3}",
hf-82,,"{'question': '조선은 지방 8도에 어떤 관리를 파견하였는가?', 'choices': ['좌랑', '절도사', '관찰사', '절제사', '감찰사'], 'answer': 3}",
hf-83,,"{'question': '조선의 붕당정치는 어느 임금부터 시작되었는가?', 'choices': ['효종', '광해군', '명종', '선조', '인조'], 'answer': 4}",
hf-84,,"{'question': '후금이 청을 건국하고 조선에 군신관계를 요구한 것을 계기로 일어난 전쟁은?', 'choices': ['임진왜란', '병인양요', '신미양요', '병자호란', '정묘호란'], 'answer': 4}",
hf-85,,"{'question': '고려의 무신들은 어떤 사건을 계기로 정권을 장악했는가?', 'choices': ['우정총국 개국연', '갑신정변', '의화단 사건', '몽고의 침입', '무신정변'], 'answer': 5}",
hf-86,,"{'question': '양반과 상민의 중간 신분 계층을 무엇이라 했는가?', 'choices': ['중인', '관민', '관리', '노비', '중민'], 'answer': 1}",
hf-87,,"{'question': '인도와 중앙아시아의 여러나라의 풍물을 기록한 왕오천축국전은 누가 썼는가?', 'choices': ['의상', '화엄', '보덕', '혜초', '원효'], 'answer': 4}",
hf-88,,"{'question': '세계에서 가장 오래된 목판 인쇄물은 무엇인가?', 'choices': ['무구정광다라니경', '금강삼매경론', '직지심체요절', '대승오온론', '팔만대장경'], 'answer': 1}",
hf-89,,"{'question': '백제의 미륵사지 석탑은 어떤 양식으로 만들어진 것인가?', 'choices': ['백제계 석탑양식', '목탑양식', '신라계 석탑 양식', '석탑양식', '고구려계 석탑양식'], 'answer': 2}",
hf-90,,"{'question': '조선 세종시대에 충효 효자 열녀 등의 행적을 그림으로 그리고 설명한 책은?', 'choices': ['미인도', '모견도', '조충도', '삼강행실도', '진경산수화'], 'answer': 4}",
hf-91,,"{'question': '자유당의 부정과 3.15 부정 선거를 계기로 일어난 일은?', 'choices': ['6.25 전쟁', '5.18 민주화운동', '4.19혁명', '6월 민주 항쟁', '12.12 군사 사태'], 'answer': 3}",
hf-92,,"{'question': '대통령 직선제를 요구하였고, 광주항쟁 진상규명과 책임자 처벌 등을 요구하며 일어났던 국민적 항행은?', 'choices': ['4.19 혁명', '5.18 민주화운동', '6월 민주항쟁', '12.12 군사 사태', '6.25 전쟁'], 'answer': 3}",
hf-93,,"{'question': '국제 통화기금(IMF)의 긴급 지원을 요청했던 정부는?', 'choices': ['노무현 정부', '전두환 정부', '김영삼정부', '김대중 정부', '노태우 정부'], 'answer': 3}",
hf-94,,"{'question': '주몽의 아들인 온조가 세운 나라의 이름은?', 'choices': ['고구려', '발해', '신라', '고려', '백제'], 'answer': 5}",
hf-95,,"{'question': '신라를 세운 사람은 누구인가?', 'choices': ['온조', '김유신', '박혁거세', '주몽', '온달'], 'answer': 3}",
hf-96,,"{'question': '삼국을 하나로 통일한 나라의 이름은?', 'choices': ['발해', '신라', '백제', '고려', '고구려-당 전쟁'], 'answer': 2}",
hf-97,,"{'question': '신라의 왕으로 백제와 힘을 합하여 고구려를 공격하고 한강 유역을 차지하였으며, 화랑도라는 제도를 만든 사람은?', 'choices': ['침류왕', '법흥왕', '문무왕', '진흥왕', '태종무열왕'], 'answer': 4}",
hf-98,,"{'question': '화랑도 출신으로 무열왕을 도와 고구려와 백제를 무찌르는 데 큰 공을 세워 삼국 통일의 기틀을 마련한 사람은?', 'choices': ['김춘추', '김법민', '박혁거세', '김유신', '온조'], 'answer': 4}",
hf-99,,"{'question': '후고구려의 장군으로 다시 삼국을 통일하였고, 고구려의 기상을 이어받아 나라 이름을 고려라고 한 사람은?', 'choices': ['궁예', '박혁거세', '왕건', '문무왕', '견훤'], 'answer': 3}",
hf-100,,"{'question': '고려가 도읍지로 정한 곳은 어디인가?', 'choices': ['개경', '부산', '한성', '평양', '경주'], 'answer': 1}",
hf-101,,"{'question': '명나라 정벌을 위해 군사를 이끌고 위화도에 이른 이성계는 군사를 돌려 개경으로 돌아왔는데 이를 무엇이라고 하는가?', 'choices': ['한산도대첩', '노량해전', '위화도회군', '귀주대첩', '영종도회군'], 'answer': 3}",
hf-102,,"{'question': '우리 나라의 영토가 오늘날과 같이 압록강과 두만강 유역까지 정해진 시대는?', 'choices': ['삼국시대', '조선시대', '고려시대', '고조선시대', '통일신라시대'], 'answer': 2}",
hf-103,,"{'question': '우리 나라 최초의 성문 법전으로, 세조 때 엮어지기 시작하여 1485년 성종 때 완성된 것은?', 'choices': ['시무28조', '속대전', '대전회통', '조선경국전', '경국대전'], 'answer': 5}",
hf-104,,"{'question': '안시성 싸움에서 당나라 군사들을 크게 무찌른 사람은 누구인가?', 'choices': ['양만춘', '서희', '김유신', '강감찬', '윤관'], 'answer': 1}",
hf-105,,"{'question': '거란족이 첫 번째 침략하였을 때 능숙한 외교 솜씨를 발휘하여 이들을 돌려 보낸 사람은 누구인가?', 'choices': ['윤관', '김유신', '서희', '강감찬', '양만춘'], 'answer': 3}",
hf-106,,"{'question': '거란의 10만 대군을 귀주에서 크게 무찌른 사람은 누구인가?', 'choices': ['윤관', '강감찬', '서희', '양만춘', '김유신'], 'answer': 2}",
hf-107,,"{'question': '함경도 지방의 여러 곳에 성을 쌓아 여진족이 쳐들어오지 못하도록 하였고 별무반을 조직한 사람은 누구인가?', 'choices': ['강감찬', '김유신', '서희', '양만춘', '윤관'], 'answer': 5}",
hf-108,,"{'question': '몽고의 침략에 굴하지 않고 근거지를 강화도, 진도, 제주도로 옮겨 가며 끝까지 항쟁한 부대는?', 'choices': ['의병', '금군', '별기군', '백년초', '삼별초'], 'answer': 5}",
hf-109,,"{'question': '허준이 한국과 중국의 의학 서적을 정리하여 25권으로 새롭게 정리한 의학 백과 사전은 무엇인가?', 'choices': ['건국대전', '재간본', '동의보감', '경세유표', '기측제의'], 'answer': 3}",
hf-110,,"{'question': '청나라에 다녀와서 보고 느낀 것을 글로 썼으며 농사짓는 일, 장사하는 일과 기술을 익히는 일 등을 강조한 실학자는?', 'choices': ['김정호', '박지원', '최무선', '정약용', '홍대용'], 'answer': 2}",
hf-111,,"{'question': '거중기를 이용하여 화성(수원성)을 쌓은 사람은 누구인가?', 'choices': ['정약용', '홍대용', '김정호', '최무선', '박지원'], 'answer': 1}",
hf-112,,"{'question': '천문 과학 기구인 혼천의를 이용하여 지동설을 주장한 사람은 누구인가?', 'choices': ['김정호', '박지원', '최무선', '홍대용', '정약용'], 'answer': 4}",
hf-113,,"{'question': '국토를 사랑하는 마음으로 나라 곳곳을 두루 살펴서, 우리 나라의 지도인 대동여지도를 만든 사람은 누구인가?', 'choices': ['홍대용', '김정호', '최무선', '정약용', '박지원'], 'answer': 2}",
hf-114,,"{'question': '금강 하구에 침략해 온 왜구를 자신이 만든 화포와 화통으로 크게 무찌른 고려의 장군은 누구인가?', 'choices': ['홍대용', '최무선', '정약용', '김정호', '박지원'], 'answer': 2}",
hf-115,,"{'question': '천자문과 논어를 가지고 일본에 건너가 학문과 유학을 가르쳐 많은 제자를 길러 낸 백제의 사람은 누구인가?', 'choices': ['최무선', '왕인', '김정호', '담징', '홍대용'], 'answer': 2}",
hf-116,,"{'question': '고구려 영양왕 때의 사람으로 일본에 건너가 호류사에 금당 벽화를 그린 사람은 누구인가?', 'choices': ['담징', '홍대용', '정약용', '김정호', '왕인'], 'answer': 1}",
hf-117,,"{'question': '신라와 문물의 교류를 활발히 하였으며, 유학생, 승려, 상인, 사신 등이 오고 간 나라는?', 'choices': ['일본', '우산국', '당나라', '원나라', '고구려'], 'answer': 3}",
hf-118,,"{'question': '수군을 거느리고 해적들을 소탕하여, 신란인들은 물론 당나라 상인들까지도 편안히 항해할 수 있게 한 신라의 장군은?', 'choices': ['김춘추', '양만춘', '장보고', '이순신', '김유신'], 'answer': 3}",
hf-119,,"{'question': '임진왜란 후 우리 나라와 다시 국교를 맺기를 간청한 일본의 새로운 지배자는 누구인가?', 'choices': ['도쿠가와 이에야스', '이토 히로부미', '마에다 켄지', '아베 신조', '도요토미 히데요시'], 'answer': 1}",
hf-120,,"{'question': '원나라가 차지했던 북동쪽의 우리 나라 땅을 찾고, 우리 나라로 들어오는 홍건적과 왜구를 막아 낸 고려의 장군은?', 'choices': ['이순신', '최영', '이성계', '강감찬', '양만춘'], 'answer': 2}",
hf-121,,"{'question': '중국의 공자에 견주어 우리 나라의 공자라는 뜻으로 해동 공자라고 불린 고려 시대의 학자는 누구인가?', 'choices': ['정약용', '정몽주', '이성계', '최영', '최충'], 'answer': 5}",
hf-122,,"{'question': '고려 사신으로 원나라에 가서 목화씨를 붓두껍에 넣어 가지고 와서 이를 심고 가꾸어 무명옷을 입게 한 사람은 누구인가?', 'choices': ['정몽주', '문익점', '강감찬', '최충', '최영'], 'answer': 2}",
hf-123,,"{'question': '1866년 프랑스가 강화도를 공격하였을 때 이를 물리친 조선의 장군은 누구인가?', 'choices': ['양헌수', '이순신', '강감찬', '이성계', '양만춘'], 'answer': 1}",
hf-124,,"{'question': '서양의 문물은 주로 어느 나라를 통해 우리 나라에 전달되었는가?', 'choices': ['러시아', '원나라', '일본', '명나라', '청나라'], 'answer': 5}",
hf-125,,"{'question': '우리 나라 최초의 천주교 신자는 누구인가?', 'choices': ['정약용', '이승훈', '정원지', '베드로', '흥선대원군'], 'answer': 2}",
hf-126,,"{'question': '조선 중기의 학자 이수광이 편찬한 백과전서로 천주교와 서구문물을 소개한 책 이름은 무엇인가?', 'choices': ['직지심체요절', '동의보감', '용비어천가', '지봉유설', '조선왕조실록'], 'answer': 4}",
hf-127,,"{'question': '1630년 청나라에서 천리경, 자명종, 천문 지리 서적 등을 들여온 사람은 누구인가?', 'choices': ['최영', '문익점', '강감찬', '정몽주', '정두원'], 'answer': 5}",
hf-128,,"{'question': '단발령, 과거 제도 폐지, 노비 제도 폐지 등과 같은 내용으로 이루어진 개혁은?', 'choices': ['을미개혁', '양무운동', '광무개혁', '갑오개혁', '갑신개혁'], 'answer': 4}",
hf-129,,"{'question': '독립 신문을 간행하는데 중심적인 역할을 한 인물은 누구인가?', 'choices': ['이승훈', '신채호', '서재필', '이승만', '김구'], 'answer': 3}",
hf-130,,"{'question': '독립 협회에서 중국 사신을 맞아들였던 영은문을 헐고 우리 나라의 자주 독립을 나타내기 위해 세운 것은 무엇인가?', 'choices': ['독립문', '동대문', '서대문', '남대문', '광화문'], 'answer': 1}",
hf-131,,"{'question': '종로 네거리에서 여러 일에 종사하는 사람들이 모여 자유롭게 발언하고 토론하던 모임의 이름은?', 'choices': ['독립운동', '촛불집회', '황국협회', '자유토론회', '만민 공동회'], 'answer': 5}",
hf-132,,"{'question': '최초의 근대 국립 학교로 나라에서 직접 학생들을 선발하여 기숙사를 마련하고 외국인 교사도 채용한 학교는?', 'choices': ['육영 공원', '원산 학사', '이화학당', '대성 학교', '배재 학당'], 'answer': 1}",
hf-133,,"{'question': '오늘날의 초등학교로서 수신, 역사, 지리, 산술, 미술, 체조와 애국심을 기르는 것이 중요하다고 한글을 가르친 학교는?', 'choices': ['소학교', '고등학교', '중학교', '초등학교', '중등학교'], 'answer': 1}",
hf-134,,"{'question': '1885년 미국인 선교사 아펜젤러가 세운 학교는 무엇인가?', 'choices': ['배재 학당', '이화학당', '대성 학교', '원산 학사', '육영 공원'], 'answer': 1}",
hf-135,,"{'question': '북감리교 선교사 스크랜튼 부인이 여성 교육을 위해 세운 학교는 무엇인가?', 'choices': ['배재 학당', '이화 학당', '대성 학교', '육영 공원', '원산 학사'], 'answer': 2}",
hf-136,,"{'question': '새로운 제도의 교육 방식에 따른 학교를 세우기 시작하였는데 교사를 양성하는 학교를 무엇이라고 불렀는가?', 'choices': ['교육 학교', '고등학교', '사범 학교', '사관학교', '교사 학교'], 'answer': 3}",
hf-137,,"{'question': '여러 장군들의 영웅전을 썼으며, ‘조선 상고사’ 등을 펴내어 우리 민족의 우수성을 깨닫게 하고 민족혼을 불러일으킨 사람은 누구인가?', 'choices': ['신채호', '이상', '한용운', '이상화', '이인직'], 'answer': 1}",
hf-138,,"{'question': '유럽 여러 나라를 돌아보고 온 유길준이 쓴 서구 문물 소개서는 무엇인가?', 'choices': ['서유기', '난중일기', '경국대전', '서유견문', '동경대전'], 'answer': 4}",
hf-139,,"{'question': '우리 나라 최초의 신소설은 ‘혈의 누’를 지은 사람은 누구인가?', 'choices': ['이상', '한용운', '신채호', '이인직', '이상화'], 'answer': 4}",
hf-140,,"{'question': '높은 산에 올라가 불을 피워 불빛이나 연기에 의해 신호를 전달한 방법을 무엇이라고 하는가?', 'choices': ['전보', '매화', '봉화', '전갈', '파발'], 'answer': 3}",
hf-141,,"{'question': '사람이 말을 타거나 달려서 소식을 전달하는 방법을 무엇이라고 하는가?', 'choices': ['파발', '전보', '봉화', '전갈', '매화'], 'answer': 1}",
hf-142,,"{'question': '광혜원을 세우고 의료 활동을 시작한 사람은 누구인가?', 'choices': ['알렌', '이완용', '언더우드', '헐버트', '에비슨'], 'answer': 1}",
hf-143,,"{'question': '1903년 서울에 설립되었으며 치료와 함께 의료 요원을 양성한 기관은 무엇인가?', 'choices': ['의과대학', '제중원', '세브란스', '광혜원', '대한 의원'], 'answer': 5}",
hf-144,,"{'question': '‘도깨비불’, ‘묘화’, ‘괴화’, ‘건달불’이라고도 불린 것의 이름은 무엇인가?', 'choices': ['사진기', '촛불', '전화', '전등', '영사기'], 'answer': 4}",
hf-145,,"{'question': '우리 나라에서 최초로 건설된 철도 이름은 무엇인가?', 'choices': ['경춘선', '경인선', '경부선', '경의선', '호남선'], 'answer': 2}",
hf-146,,"{'question': '‘덕률풍’, ‘다리풍’이라고 불린 것의 이름은 무엇인가?', 'choices': ['전차', '사진기', '영사기', '전화', '전등'], 'answer': 4}",
hf-147,,"{'question': '의병장 중에서 평민 출신으로 ‘태백산 호랑이’라는 별명으로 불리면서 일본인들에게 두려움을 준 사람은 누구인가?', 'choices': ['안중근', '신돌석', '장지연', '최익현', '민영환'], 'answer': 2}",
hf-148,,"{'question': '만주 하얼빈에서 침략자의 우두머리인 이토 히로부미를 암살하고 순국한 독립 운동가는 누구인가?', 'choices': ['장지연', '신돌석', '최익현', '민영환', '안중근'], 'answer': 5}",
hf-149,,"{'question': '처음으로 의병을 조직한 사람은 누구인가?', 'choices': ['최익현', '안중근', '신돌석', '장지연', '민영환'], 'answer': 1}",
hf-150,,"{'question': '우리 민족에게 일본에 대항하여 싸울 것을 당부하고 유서를 남기고 자결한 사람은 누구인가?', 'choices': ['민영환', '장지연', '신돌석', '안중근', '최익현'], 'answer': 1}",
hf-151,,"{'question': '을사조약의 부당성에 대해 황성 신문에 ‘시일야방성대곡’이라는 글을 실은 사람은 누구인가?', 'choices': ['신돌석', '최익현', '안중근', '민영환', '장지연'], 'answer': 5}",
hf-152,,"{'question': '16세의 나이로 시위 운동에 참여하여 만세를 부르고, 아우내 장터에서 독립 만세를 주도한 사람은 누구인가?', 'choices': ['민영환', '최익현', '안중근', '신돌석', '유관순'], 'answer': 5}",
hf-153,,"{'question': '일제가 한 마을 사람들을 모두 교회에 모아 놓고 불을 질러 죽게 했던 사건은 무엇인가?', 'choices': ['운양호 사건', '청산리대첩', '병인박해', '제암리 사건', '을미사변'], 'answer': 4}",
hf-154,,"{'question': '민족 지도자들이 독립 운동을 보다 효과적으로 펴기 위하여 중국 상하이에 세운 것은?', 'choices': ['대사관', '대한민국임시정부', '독립군', '독립협회', '독립운동본부'], 'answer': 2}",
hf-155,,"{'question': '특히 외국에서 독립 활동이 두드러졌던 나라는 프랑스와 어느 나라인가?', 'choices': ['영국', '러시아', '중국', '일본', '미국'], 'answer': 5}",
hf-156,,"{'question': '나라와 민족을 위하여 의로운 일을 하다가 돌아가신 분을 부르는 말은 무엇인가?', 'choices': ['의사', '검사', '간호사', '변호사', '판사'], 'answer': 1}",
hf-157,,"{'question': '상하이에서 국내로 잠입하여 1923년 1월 12일 종로 경찰서에 폭탄을 던지고 이를 쫓는 일본 경찰을 다수 사살한 분은 누구인가?', 'choices': ['신돌석', '최익현', '안중근', '김상옥', '민영환'], 'answer': 4}",
hf-158,,"{'question': '독립군은 주로 간도와 어느 곳을 근거지로 조직되었는가?', 'choices': ['상하이', '도쿄', '산둥반도', '북경', '연해주'], 'answer': 5}",
hf-159,,"{'question': '봉오동 전투를 승리로 이끌어 독립군의 사기를 크게 올린 사람은 누구인가?', 'choices': ['신돌석', '민영환', '안중근', '최익현', '홍범도'], 'answer': 5}",
hf-160,,"{'question': '김좌진 장군이 크게 활약하여 독립군의 사기를 드높였던 전투의 이름은 무엇인가?', 'choices': ['만세운동', '국내대진공작전', '봉오동전투', '청산리 대첩', '홍커우공언 폭탄투척 사건'], 'answer': 4}",
hf-161,,"{'question': '3․1 운동 이후 국어 연구에 뜻을 둔 사람들이 우리 민족의 문화를 지키고 한글을 연구하기 위하여 세운 단체는 무엇인가?', 'choices': ['대한민국임시정부', '독립협회', '한국어연구소', '조선어 학회', '세종대왕연구소'], 'answer': 4}",
hf-162,,"{'question': '조선어 학회 회원들은 세종 대왕이 훈민정음을 반포한 날을 무엇이라 정하고 기념하였는가?', 'choices': ['한글날', '석가탄신일', '개천절', '가갸날', '어린이날'], 'answer': 4}",
hf-163,,"{'question': '독립 운동가이며 학자이고 항일 운동과 역사 연구로 민족 사상을 일깨운 사람은 누구인가?', 'choices': ['신채호', '박은식', '이상화', '이상', '이인직'], 'answer': 2}",
hf-164,,"{'question': '일본이 우리 나라를 침략해 온 과정을 자세하게 밝힌 박은식이 쓴 역사책은 무엇인가?', 'choices': ['한국 통사', '난중일기', '삼국유사', '조선왕조실록', '삼국사기'], 'answer': 1}",
hf-165,,"{'question': '1910년 중국으로 건너가 동양학을 연구하면서 박은식, 신채호 등과 더불어 동제사를 조직하여 독립 운동에 이바지한 사람은 누구인가?', 'choices': ['이상화', '정인보', '김구', '한용운', '이승만'], 'answer': 2}",
hf-166,,"{'question': '독립 운동가, 시인, 승려로 ‘님의 침묵’을 지어 저항 문학에 앞장선 사람은 누구인가?', 'choices': ['심훈', '윤동주', '이상화', '심훈', '한용운'], 'answer': 5}",
hf-167,,"{'question': '소설가, 영화인으로 농촌 계몽 소설인 ‘상록수’를 지은 사람은 누구인가?', 'choices': ['김소월', '한용운', '이상화', '심훈', '심훈'], 'answer': 4}",
hf-168,,"{'question': '시인이며 ‘금잔디’, ‘엄마야 누나야’, ‘진달래꽃’, ‘산유화’ 등 한국의 전통적인 한을 노래한 사람은 누구인가?', 'choices': ['심훈', '윤동주', '이상화', '김소월', '한용운'], 'answer': 4}",
hf-169,,"{'question': '시인이며 ‘서시’, ‘또 다른 고향’, ‘별 헤는 밤’ 등을 지은 사람은 누구인가?', 'choices': ['한용운', '이육사', '윤동주', '이상화', '심훈'], 'answer': 3}",
hf-170,,"{'question': '본명은 원록이고 ‘광야’, ‘자오선’ 등을 지었으며, 끝까지 민족의 양심을 지키며 죽음으로서 일제에 항거한 시인은 누구인가?', 'choices': ['심훈', '한용운', '이상화', '윤동주', '이육사'], 'answer': 5}",
hf-171,,"{'question': '경기도 연천 전곡리는 어느 시대의 유물과 유적이인가?', 'choices': ['청동기시대', '신석기시대', '정보화시대', '철기시대', '구석기시대'], 'answer': 5}",
hf-172,,"{'question': '신라의 왕으로 우산국을 복속하고 국호를 신라로 바꾼 임금은?', 'choices': ['태종무열왕', '문무왕', '법흥왕', '지증왕', '선덕여왕'], 'answer': 4}",
hf-173,,"{'question': '고려의 문벌들의 향락과 실정 그리고 무신의 차별로인해 무신 정권을 일으킨 사람은?', 'choices': ['최항', '최충헌', '최우', '최의', '정몽주'], 'answer': 2}",
hf-174,,"{'question': '위화도 회군을 일으킨 이성계는 정권을 장악한 후 사대부들에게도 이 법을 시행하였다. 이 법은 어떤 법인가?', 'choices': ['수신전', '관수관급제', '휼양전', '과전법', '직전법'], 'answer': 4}",
hf-175,,"{'question': '이 사람은 조선의 통치 기준을 마련하였고 재상 정치를 주장하였다. 누구인가?', 'choices': ['이성계', '이방원', '정도전', '정몽주', '이색'], 'answer': 3}",
hf-176,,"{'question': '조선은 여진과의 관계에서 강경책을 실시하였는데 이 때 국경 근방에 세워진 것은 무엇인가?', 'choices': ['부곡', '봉화', '4군 6진', '이십삼부', '8군 12진'], 'answer': 3}",
hf-177,,"{'question': '조선의 광해군은 명과 후금 사이에서 어떤 외교 정책을 펼쳤는가?', 'choices': ['친일 정책', '중립 외교', '친 후금 정책', '친미 정책', '친명 정책'], 'answer': 2}",
hf-178,,"{'question': '조선 영조 임금은 붕당정치가 변질되자 붕당을 없앨 것을 내세워 이 정책 이론을 실시하였다. 무엇인가?', 'choices': ['평탕론', '향약', '세도정치', '탕평론', '신문고 제도'], 'answer': 4}",
hf-179,,"{'question': '탕평정치로 왕에게 넘어갔던 권력이 외척세력으로 넘어간 정치를 무엇이라고 하는가?', 'choices': ['대비 정치', '탕평 정치', '세도정치', '비선실세', '붕당정치'], 'answer': 3}",
hf-180,,"{'question': '신라의 만장일치의 귀족 합의제로 왕권 견제 기능을 한 이것은 무엇인가?', 'choices': ['제가회의', '정사암회의', '국무회의', '화백회의', '붕당회의'], 'answer': 4}",
hf-181,,"{'question': '신라 불교의 화엄 사상을 확립했던 사람은 누구인가?', 'choices': ['보덕', '원효', '화엄', '혜초', '의상'], 'answer': 5}",
hf-182,,"{'question': '몽고의 침입을 막기 위한 염원으로 만든 이것은 무엇인가?', 'choices': ['석가탑', '독립문', '팔만대장경', '다보탑', '경복궁'], 'answer': 3}",
hf-183,,"{'question': '사람이 곧 하늘이다 라는 인내천 사상으로 동학을 창시한 사람은?', 'choices': ['최재우', '손병희', '최시형', '박인호', '최제우'], 'answer': 5}",
hf-184,,"{'question': '조선 식민지화를 위힌 기초 작업으로 실시했던 것은?\xa0', 'choices': ['토지약탈', '황국신민화정책', '징병', '일본어 교육', '독립운동 탄압'], 'answer': 1}",
hf-185,,"{'question': '시일야방성대곡을 게재했던 신문은?', 'choices': ['시대일보', '동아일보', '조선일보', '매일신보', '황성신문'], 'answer': 5}",
hf-186,,"{'question': '경제개발 5개년 계획은 몇 년도부터 시작되었는가?', 'choices': ['1967년', '1952년', '1957년', '1962년', '1972년'], 'answer': 4}",
hf-187,,"{'question': '노사정 협의회와 신자유주의 경제정책을 실시했던 정부는?', 'choices': ['김종필 정부', '이명박 정부', '노무현 정부', '김영삼 정부', '김대중 정부'], 'answer': 5}",
