id,paragraph,problems,question_plus
generation-for-nlp-0,"해설: 빗살무늬 토기는 농경과 목축이 시작된 이 시대의 대표적인 유물로, 다양한 기법으로 새겨진 빗살 문양이 확인된다.","{'question': '밑줄 친 ‘이 시대’에 볼 수 있는 모습으로 가장 적절한 것은? [3점]', 'choices': ['① 간석기를 제작하는 노인', '② 철제 농기구로 밭을 가는 농민', '③ 비파형 동검을 들고 있는 군장', '④ 은병(활구)으로 교역을 하는 상인', '⑤ 황룡사 9층 목탑을 구경하는 아이'], 'answer': '1'}",
generation-for-nlp-1,"학생: 이 사료는 고려사의 일부네요. 이 기록에서 어떤 사실과 역사적 의미를 알 수 있을까요?

선생님: (가) 이/가 쌍기에게 명하여 처음으로 과거제를 시행하도록 한 내용입니다. 이를 통해 유교적 소양을 갖춘 관리를 등용하고자 했음을 알 수 있습니다.","{'question': '(가) 왕에 대한 설명으로 옳은 것은? [3점]', 'choices': ['① 삼별초를 조직하였다.', '② 규장각을 운영하였다.', '③ 훈민정음을 창제하였다.', '④ 육영 공원을 설립하였다.', '⑤ 노비안검법을 실시하였다.'], 'answer': '5'}",
generation-for-nlp-2,"학생: 이 비는 **(가)**의 광개토 대왕을 기리기 위해 세워진 것입니다. 이 비를 통해서 (가) 이/가 천손 의식을 내세웠고, 강력한 군사력을 바탕으로 요동을 포함한 만주 일대를 차지한 사실을 알 수 있습니다.

이미지 자료: 광개토 대왕릉비 사진","{'question': '(가) 국가에 대한 설명으로 옳은 것은?', 'choices': ['① 우산국을 정벌하였다.', '② 진대법을 실시하였다.', '③ 경국대전을 반포하였다.', '④ 쌍성총관부를 공격하였다.', '⑤ 백두산정계비를 건립하였다.'], 'answer': '2'}",
generation-for-nlp-3,"주제: 인물로 본 신라 불교

모둠별 발표 주제

1모둠: 자장과 호국 불교

2모둠: 원효와 아미타 신앙

3모둠: (가)","{'question': '(가)에 들어갈 내용으로 가장 적절한 것은?', 'choices': ['① 의상과 화엄 사상', '② 지눌과 수선사 결사', '③ 의천과 해동 천태종', '④ 신돈과 전민변정도감', '⑤ 묘청과 서경 천도 운동'], 'answer': '1'}",
generation-for-nlp-4,"추밀원부사를 지냈던 홍문계는 딸이 공녀로 선발되자, 권세가에게 부탁하여 공녀가 되는 것을 면하고자 하였으나 성사되지 못하였다. 결국 그는 딸이 공녀가 되는 것을 막기 위해 딸의 머리를 깎았다. 원(元) 공주는 이 소식을 듣고 크게 노하여, 홍문계를 가두고 가혹한 형벌을 가했으며 그의 재산을 몰수하였다.","{'question': '다음 자료의 상황이 나타난 시기의 모습으로 옳은 것은?', 'choices': ['① 골품제가 실시되었다.', '② 집강소가 설치되었다.', '③ 수원 화성이 건설되었다.', '④ 권문세족이 농장을 확대하였다.', '⑤ 향약이 전국적으로 보급되었다.'], 'answer': '4'}",
generation-for-nlp-5,"소손녕이 말하기를, “너희 고려가 우리 거란과 접해 있으면서도 바다를 건너 송에 사대하니, 이 때문에 정벌하러 왔다. 우리에게 조공을 하면 무사할 것이다.”라고 하였다. 서희가 말하기를, “압록강 안팎은 우리의 영역인데, 지금 여진이 그곳을 차지하여 길이 막혀 조공을 하지 못하는 것이다. 만약 우리가 여진을 쫓아 내고 옛 고구려 땅을 되찾아 성을 쌓고 길이 통하도록 해 준다면, 어찌 조공을 하지 않겠는가.”라고 하였다. …(중략)…소손녕이 이를 보고하자, 거란 황제가 “고려가 강화를 요청해 왔으니, 마땅히 군사 행동을 중지하라.”라고 하였다.","{'question': '다음 사건의 영향으로 가장 적절한 것은? [3점]', 'choices': ['① 별기군이 창설되었다.', '② 훈련도감이 조직되었다.', '③ 강동 6주가 확보되었다.', '④ 금관가야가 멸망하였다.', '⑤ 9서당 10정이 편성되었다.'], 'answer': '3'}",
generation-for-nlp-6,"태조, 태종, 세종을 거치면서 공납 제도가 정비되었는데, 그 이후로 세월이 흐르면서 여러 문제가 불거졌습니다. 중앙 관청의 서리들은 고을로부터 공물이 오는 것과 상관없이 자신들이 준비한 것으로 납입하고는, 그 고을에 독촉하여 대가를 지나치게 많이 징수하였습니다. 궁가(宮家)에서도 고을의 공물 납부를 막고 대신 납입하고는 고을 사람들로부터 공물 가격의 몇 배를 요구하였습니다. 이러한 폐단을 백성들이 어떻게 견디겠습니까?","{'question': '밑줄 친 ‘폐단’에 대한 대책으로 옳은 것은? [3점]', 'choices': ['① 대동법을 실시하였다.', '② 전시과를 시행하였다.', '③ 공음전을 지급하였다.', '④ 직전법을 제정하였다.', '⑤ 건원중보를 발행하였다.'], 'answer': '1'}",
generation-for-nlp-7,"이곳은 유네스코 세계유산에 등재된 9곳의 (가) 가운데 하나입니다. 주세붕이 세운 것을 시작으로 전국 각지에 설립된 (가) 은/는 조선 시대 유학 교육과 선현에 대한 제사를 담당하였으며, 왕이 현판을 하사하고, 서적, 토지, 노비를 지원하기도 하였습니다.","{'question': '(가)에 대한 설명으로 옳은 것은?', 'choices': ['① 불국사를 창건하였다.', '② 팔관회를 개최하였다.', '③ 한성순보를 발행하였다.', '④ 사림의 지위 강화에 기여하였다.', '⑤ 최씨 무신 정권의 기반이 되었다. 사 영역'], 'answer': '4'}",
generation-for-nlp-8,"학생 1: (가) 에 대해 말해 볼까?

학생 2: 조선이 청의 군신 관계 요구를 거부하자, 이를 빌미로 청이 조선을 침략한 전쟁이야.

학생 3: 결국 조선은 굴욕적인 항복을 하였고, 세자와 일부 신하들이 청에 인질로 끌려갔어.","{'question': '(가) 전쟁 중에 있었던 사실로 옳은 것은? [3점]', 'choices': ['① 이성계가 위화도에서 회군하였다.', '② 인조가 남한산성에서 항전하였다.', '③ 이순신이 한산도에서 대승을 거두었다.', '④ 을지문덕이 살수에서 적군을 격파하였다.', '⑤ 김좌진이 청산리 전투를 승리로 이끌었다.'], 'answer': '2'}",
generation-for-nlp-9,"□□ 문화원 시민 강좌
우리 문화원에서는 19세기 이후 위정척사 운동을 전개하였던 인물에 대한 강좌를 마련하였습니다. 많은 관심과 참여 부탁드립니다.

강좌 주제

제1강좌: 척화주전론을 역설한 이항로

제2강좌: 왜양일체론을 주장한 최익현

제3강좌: (가)

일시: 2021년 △△월 △△일 15:00 ~ 18:00

장소: □□ 문화원 강당","{'question': '(가)에 들어갈 내용으로 가장 적절한 것은?', 'choices': ['① 성학십도를 저술한 이황', '② 시무 28조를 올린 최승로', '③ 유교적 사관을 제시한 김부식', '④ 영남 만인소를 주도한 이만손', '⑤ 재상 중심의 정치를 강조한 정도전'], 'answer': '4'}",
generation-for-nlp-10,"그림은 군국기무처에서 관료들이 개혁안을 논의하고 있는 모습을 묘사한 것입니다. 이곳에서 의결하여 추진한 개혁에 대해 이야기해 볼까요?

학생 1: 궁내부를 설치하였습니다.

학생 2: 신분제를 폐지하였습니다.

학생 3: (가)","{'question': '(가)에 들어갈 내용으로 가장 적절한 것은?', 'choices': ['① 장용영을 창설하였습니다.', '② 영정법을 시행하였습니다.', '③ 금융 실명제를 도입하였습니다.', '④ 과부의 재가를 허용하였습니다.', '⑤ 사사오입 개헌안을 통과시켰습니다.'], 'answer': '4'}",
generation-for-nlp-11,"지도는 네덜란드 헤이그에서 열린 제2차 만국 평화 회의에 파견된 특사의 여정을 나타낸 것이다. 이들은 을사늑약의 불법성을 알리려고 하였으나, 일본 등의 방해로 소기의 목적을 달성하지 못하였다. 일본은 이를 빌미로 고종을 강제로 퇴위시켰다.","{'question': '밑줄 친 ‘특사’가 파견된 시기를 연표에서 옳게 고른 것은? [3점] 신미양요 발발, (가), 임오군란 발생, (나), 대한 제국 수립, (다), 국권 피탈, (라), 6·10 만세 운동 발생, (마), 만주 사변 발발', 'choices': ['① (가)', '② (나)', '③ (다)', '④ (라)', '⑤ (마)'], 'answer': '3'}",
generation-for-nlp-12,"국왕: (가) (경종 다음, 정조 이전)

재위 기간: 1724년 ~ 1776년

주요 업적:

성균관 입구에 탕평비를 세움

『속대전』을 편찬함

청계천 준설 사업을 실시함

신문고를 부활시킴","{'question': '(가) 왕이 실시한 정책으로 옳은 것은? [3점]', 'choices': ['① 녹읍을 폐지하였다.', '② 균역법을 시행하였다.', '③ 평양으로 천도하였다.', '④ 사심관 제도를 마련하였다.', '⑤ 통리기무아문을 설치하였다.'], 'answer': '2'}",
generation-for-nlp-13,"제1조: 조선 주둔 헌병은 치안 유지에 관한 경찰과 군사 경찰을 관장한다.

··· (중략) ···

제3조: 헌병 장교, 준사관, 하사, 상등병에게는 조선 총독이 정하는 바에 의하여 재직하면서 경찰관의 직무를 집행하게 한다.

제4조: 경찰관의 직무를 집행하는 자가 그 경찰 사무에 관해 직권을 가진 상관의 명령을 받은 때에는 즉시 이를 복종하여 실행해야 한다.","{'question': '다음 법령이 시행된 시기에 있었던 사실로 옳은 것은? [3점]', 'choices': ['① 식목도감이 설치되었다.', '② 홍경래의 난이 일어났다.', '③ 토지 조사 사업이 실시되었다.', '④ 신탁 통치 반대 시위가 발생하였다.', '⑤ 독립 협회가 만민 공동회를 개최하였다.'], 'answer': '3'}",
generation-for-nlp-14,"내가 취직을 하기 위해 경성에 갔습니다. 호적 등본이 필요하다고 하여 발급받아서 보니, 직업이 '도한(백정)'이라고 쓰여 있기에 차마 그것을 내놓기가 부끄러워 그만두었습니다. ··· (중략) ··· 아이들을 학교에 보내려면 호적이 필요한데, '도한(백정)'이라는 것이 적혀 있으면 쫓아냅니다.","{'question': '다음 자료를 활용한 탐구 활동으로 가장 적절한 것은?', 'choices': ['① 당백전의 발행 계기를 알아본다.', '② 교정도감의 설치 과정을 분석한다.', '③ 조선 형평사의 창립 배경을 살펴본다.', '④ 미국에 보빙사를 파견한 목적을 조사한다.', '⑤ 미․소 공동 위원회의 결렬 결과를 파악한다.'], 'answer': '3'}",
generation-for-nlp-15,"자료는 **(가)**의 외교 담당 기관인 구미 위원부가 발급한 시민증이다. 3·1 운동을 계기로 상하이에 수립된 **(가)**은/는 활발한 외교 활동을 전개하였으며, 독립 운동 자금을 모으기 위해 독립 공채를 발행하였다.","{'question': '(가)에 대한 설명으로 옳은 것은? [3점]', 'choices': ['① 도병마사를 설치하였다.', '② 홍범 14조를 반포하였다.', '③ 강화도 조약을 체결하였다.', '④ 의정부 서사제를 실시하였다.', '⑤ 연통제와 교통국을 조직하였다.'], 'answer': '5'}",
generation-for-nlp-16,"일제에 압수되었던 ‘큰사전’ 원고 되찾아
경성역의 창고에서 방대한 양의 우리말 ‘큰사전’ 원고가 발견되었다. 이 원고는 일제의 탄압 속에서도 우리말을 지키고자 노력했던 **(가)**에서 사전 편찬을 위해 작성한 것이었으나, 1942년 (가) 사건으로 일체 경찰에 압수되어 3년 동안 그 행방을 알 길이 없었다. 이번 발견을 계기로 사전 편찬 작업이 본격적으로 재개될 전망이다.","{'question': '(가) 단체에 대한 설명으로 옳은 것은?', 'choices': ['① 105인 사건으로 해체되었다.', '② 교조 신원 운동을 추진하였다.', '③ 국채 보상 운동을 주도하였다.', '④ 을미사변을 계기로 조직되었다.', '⑤ 한글 맞춤법 통일안을 제정하였다.'], 'answer': '5'}",
generation-for-nlp-17,"(가)
친애하는 국회의원 동지 여러분!
본인은 내각 책임제 하의 행정 수반으로서…(중략)…3·15 부정 선거 관련자 처단과 부정 축재자 처리에 있어서는 혁명 정신에 입각하여 현행법을 적절히 활용하여 왔습니다.

(나)
친애하는 대의원 여러분!
유신 헌법에 따라 최초로 탄생된 제도의 하나가 지금 개막한 통일 주체 국민 회의입니다. …(중략)… 여러분은 대통령을 선출하고 국회의원의 일부를 선출하게 되는 것입니다.","{'question': '(가), (나) 연설이 행해진 시기 사이에 있었던 사실로 옳은 것은?', 'choices': ['① 남북 기본 합의서가 채택되었다.', '② 남북한이 유엔에 동시 가입하였다.', '③ 7․4 남북 공동 성명이 발표되었다.', '④ 제2차 남북 정상 회담이 개최되었다.', '⑤ 남북한이 개성 공단 조성에 합의하였다.'], 'answer': '3'}",
generation-for-nlp-18,"유권자의 날
요약 선거의 의미를 되새기고 투표 참여를 독려하기 위해 제정한 법정 기념일
날짜 매년 5월 10일
이날은 우리나라 역사상 최초로 실시된 보통 선거를 기념하기 위해 지정되었다. 이 선거는 유엔 한국 임시 위원단이 참관한 가운데 시행되었으며, 제주도 2곳의 선거구를 제외하고 총 198명의 국회의원이 선출되었다. 당시 선거에서는 문맹자가 많아 후보자의 기호를 막대기 갯수로 표기하기도 하였다. 이 선거로 구성된 국회는 2년 동안 활동하였다.","{'question': '밑줄 친 ‘국회’에 대한 설명으로 옳은 것은? [3점]', 'choices': ['① 회사령을 폐지하였다.', '② 헌의 6조를 채택하였다.', '③ 대한국 국제를 반포하였다.', '④ 국가 총동원법을 선포하였다.', '⑤ 반민족 행위 처벌법을 제정하였다.'], 'answer': '5'}",
generation-for-nlp-19,"최근 한국에서는 경찰의 고문으로 사망한 박종철 학생을 위한 추도회를 개최하는 과정에서 충돌이 일어나 수백 명이 연행되었습니다. 특파원에 따르면, 전두환 정권에 대한 국민들의 분노가 갈수록 고조되고 있다고 합니다.","{'question': '다음 뉴스 내용을 활용한 탐구 활동으로 가장 적절한 것은?', 'choices': ['① 6월 민주 항쟁의 배경을 조사한다.', '② 조선 혁명 선언의 내용을 분석한다.', '③ 브나로드 운동의 전개 과정을 파악한다.', '④ 광주 학생 항일 운동의 계기를 살펴본다.', '⑤ 모스크바 3국 외상 회의의 결정 내용을 찾아본다.'], 'answer': '1'}",
generation-for-nlp-20,"이것은 오랜 세월 땅속에 묻혀 있다가 1993년에 부여 능산리에서 발굴되어, 고대 국가인 **(가)**을/를 대표하는 유물이 되었습니다. 불로장생을 염원하는 신선 사상과 연꽃으로 상징되는 불교적 세계관이 조화롭게 표현되어 있습니다.","{'question': '(가) 국가에 대한 설명으로 옳은 것은?', 'choices': ['① 왕건이 건국하였다.', '② 상평통보를 발행하였다.', '③ 홍범 14조를 반포하였다.', '④ 웅진에서 사비로 천도하였다.', '⑤ 제가들이 사출도를 다스렸다.'], 'answer': '4'}",
generation-for-nlp-21,"학습 주제: 'OO 지역' 역사 탐구

5소경 중 하나인 중원경이 있었어.

몽골의 침략에 맞선 하층민의 항쟁도 있었지.

신립이 이끄는 조선군이 일본군과 격전을 벌였어.

(가)","{'question': '(가)에 들어갈 내용으로 가장 적절한 것은?', 'choices': ['① 수원 화성이 건설되었어.', '② 경인선 철도가 부설되었어.', '③ 충주 고구려비가 건립되었어.', '④ 제주 4․3 사건이 발생하였어.', '⑤ 신흥 무관 학교가 설립되었어.'], 'answer': '3'}",
generation-for-nlp-22,"우리 태조 대왕께서 천명을 받아 즉위하셔서 태평성대를 이루고 문화를 발전시키셨습니다. 그 뒤 우리 **(가)**께서 널리 어질고 능력 있는 사람을 불러들이셨습니다. 때마침 후주에서 보내온 사신 일행 중에 쌍기라는 자가 어질다는 말을 듣고 **(가)**께서 그에게 예빈성사의 벼슬을 주고, 그의 건의에 따라 과거제를 처음으로 시행하였습니다. 그리하여 무오년과 경신년의 과거에서 각각 최섬과 최광범을 장원으로 선발하였습니다.","{'question': '(가) 왕이 시행한 정책으로 옳은 것은? [3점]', 'choices': ['① 대가야를 병합하였다.', '② 탕평책을 추진하였다.', '③ 경국대전을 반포하였다.', '④ 노비안검법을 실시하였다.', '⑤ 국내성에서 평양으로 천도하였다.'], 'answer': '4'}",
generation-for-nlp-23,"(선조 25년) 4월 16일
왜선 수백 척이 부산에 나타났다는 소문이 돌더니, 저녁나절에는 부산과 동래가 함락되었다는 말이 들려와 경악을 금치 못했다.

(선조 25년) 날짜 미상
전라 좌수사가 적선 42척을 불태우니 적들이 너나 할 것 없이 물속으로 뛰어들었다고 한다.

(선조 26년) 4월 8일
내가 병에 걸려 몹시 고생할 때 들었는데, 지난 1월에 명나라 장수 이여송이 평양의 왜군을 공격해 섬멸했다고 한다.

(선조 26년) 7월 8일
전라도에 온 명나라 군사들이 민가에서 끝도 없이 재물을 약탈하여 마치 왜적에게 봉변을 당한 것 같다고 한다. 전주에 사는 송영구의 집에도 명나라 군사들이 난입해 재산을 빼앗았다고 한다.","{'question': '다음 일기에 나타난 전쟁 중에 있었던 사실로 옳은 것은? [3점]', 'choices': ['① 별무반이 편성되었다.', '② 김원봉이 의열단을 조직하였다.', '③ 곽재우, 조헌 등의 의병이 활약하였다.', '④ 강감찬이 귀주에서 적군을 대파하였다.', '⑤ 삼별초가 근거지를 옮겨 가며 항쟁하였다.'], 'answer': '3'}",
generation-for-nlp-24,"묘청이 난을 일으켜 나라 이름을 대위, 연호를 천개, 군대를 천견충의군이라 하였다. 왕이 **(가)**을/를 원수로 삼아 관군을 이끌고 가 난을 평정하도록 하였다.

서경 전투는 국풍파 대 한학파의 싸움이며, 독립당 대 사대당의 싸움이며, 진취 사상 대 보수 사상의 싸움이었다. 묘청은 전자의 대표요, **(가)**은/는 후자의 대표였다. 이 싸움에서 묘청 등이 패하고 **(가)**이/가 승리함으로써 우리의 역사는 사대적·보수적 사상인 유교 사상에 굴복되고 말았다.","{'question': '(가) 인물에 대한 설명으로 옳은 것은?', 'choices': ['① 수선사 결사 운동을 주도하였다.', '② 조선 혁명 선언을 작성하였다.', '③ 한인 애국단을 이끌었다.', '④ 삼국사기를 편찬하였다.', '⑤ 척화비를 건립하였다.'], 'answer': '4'}",
generation-for-nlp-25,"엄 행수는 종본탑 동쪽에 살았는데, 마을 안의 똥 치는 일이 생업이었다. …(중략)… 한양 도성 주변 왕십리의 무와 살곶이의 순무, 연희궁의 고추·마늘·부추·파, 청파의 미나리, 이태인의 토란 등의 채소는 가장 좋은 땅에 심는데, 모두 엄 행수의 똥을 가져다 써야 많은 수확을 올릴 수 있었다.

남쪽 지방이나 북쪽 지방이나 벼농사 짓는 방법이 똑같아 언덕과 습지를 구별하지 않고 모내기만을 위주로 하고 볍씨를 논에 뿌려 농사짓는 자가 드물었다. …(중략)… 하지만 모내기를 할 때 비가 오지 않아 피해를 입는 농민이 많았으므로 의정부에서 그 대책을 논의하였다.","{'question': '다음 자료에 나타난 시기의 모습으로 가장 적절한 것은?', 'choices': ['① 삼백 산업이 발달하였다.', '② 새마을 운동이 추진되었다.', '③ 전민변정도감이 설치되었다.', '④ 관리들에게 녹읍이 지급되었다.', '⑤ 담배를 비롯한 상품 작물이 재배되었다.'], 'answer': '5'}",
generation-for-nlp-26,"(가)
미국 군함 위의 조선인들
신미양요 당시 미국 군함 콜로라도호에 있는 조선인들의 모습이다.

(나)
미국에 파견된 조선 사절단
민영익을 대표로 미국에 처음 파견된 조선 사절단의 모습이다.","{'question': '(가), (나) 사진이 촬영된 시기 사이에 있었던 사실로 옳은 것은?', 'choices': ['① 김홍집이 조선책략을 들여왔다.', '② 일본군이 간도 참변을 일으켰다.', '③ 프랑스군이 외규장각 도서를 약탈하였다.', '④ 러시아가 절영도 조차 요구를 철회하였다.', '⑤ 오페르트가 남연군 묘의 도굴을 시도하였다.'], 'answer': '1'}",
generation-for-nlp-27,"문화재 소식 (OOOO년 여름호)
[(가)] 특집 - 개인의 편지, 국가 등록 문화재가 되다

번거로운 인사말은 접어 두고 동생 광팔 보시게. …(중략)… 우리가 왜군에 맞서 오랫동안 싸운 것은 나라에 입은 은혜를 갚고자 함이라네. 그러나 형편이 어려워 하늘을 이불 삼고 땅을 자리 삼는 고초가 이루 다 말할 수 없다네. …(중략)… 근래 사정이 이전보다 어려워서 또 한 번 돈과 비단을 이 인편에 보내 주길 청하니 잘 살펴 보내 주게.
갑오년 늦가을 형 광화 씀.

고부 농민 봉기 이후 '보국안민', '제폭구민'을 내세운 **(가)**에 참여한 개인의 편지가 국가 등록 문화재가 되었다. 당시 농민군으로 참여한 인물이 작성한 몇 안 되는 기록 중 하나라는 점에서 귀중한 가치를 지니고 있다. 이 편지는 **(가)**의 전개 과정 중 일본군의 경복궁 침범과 내정 간섭에 맞서 농민군이 싸우던 시기에 작성된 것으로, 당시 그들이 처한 상황과 군자금 조달 방법 등의 내용을 담고 있다.","{'question': '(가) 운동에 대한 설명으로 옳은 것은? [3점]', 'choices': ['① 보안회를 중심으로 전개되었다.', '② 순종의 장례일을 기해 일어났다.', '③ 집강소를 통해 개혁을 추진하였다.', '④ 조사 시찰단을 파견하는 계기가 되었다.', '⑤ 원산 총파업이 일어나는 원인이 되었다.'], 'answer': '3'}",
generation-for-nlp-28,"■ 과제: 20세기 초 한반도를 둘러싼 상황을 표현한 그림을 찾아 그려 보고, 그림이 표현하는 역사적 상황을 설명하기
■ 그림: (러시아, 미국, 일본 등이 묘사된 삽화)
■ 설명: 이 그림은 미국의 한 잡지에 실린 삽화를 토대로 그린 것으로, 중앙의 미국 대통령 루스벨트가 러시아와 일본의 강화를 주선하는 모습을 표현하고 있다. 당시 러시아와 일본은 한반도를 둘러싸고 전쟁을 벌였는데, 미국의 중개를 계기로 강화를 맺고 전쟁을 종결하였다. 그 결과 일본은 한반도에 대한 독점적 지배권을 확보하였고, 곧이어 (가)","{'question': '(가)에 들어갈 내용으로 가장 적절한 것은? [3점]', 'choices': ['① 청과 일본 양국 군대가 한반도에서 철수하였다.', '② 대한 제국은 을사늑약으로 외교권을 빼앗겼다.', '③ 모스크바 3국 외상 회의가 개최되었다.', '④ 영국이 거문도를 불법 점령하였다.', '⑤ 제너럴 셔먼호 사건이 발생하였다.'], 'answer': '2'}",
generation-for-nlp-29,"이 노래는 ‘단연동맹가’로, 담배를 끊고 그 돈을 모아 기부하여 나라를 살리자는 내용을 담고 있다. 일제의 차관 강요 등으로 인해 생긴 나랏빚을 갚자며 1907년에 일어난 **(가)**의 취지를 잘 보여 주고 있다. 금연 이외에도 여성들이 가락지와 비녀를 기부하는 등 전국적으로 다양한 형태의 참여가 있었다.","{'question': '(가) 운동에 대한 설명으로 옳은 것은? [3점]', 'choices': ['① 한일 학생 간의 충돌로 발생하였다.', '② 전태일의 분신을 계기로 확산되었다.', '③ 황국 중앙 총상회의 결성으로 이어졌다.', '④ 대한매일신보 등 언론의 지원을 받았다.', '⑤ 구식 군인에 대한 차별에 반기를 들었다.'], 'answer': '4'}",
generation-for-nlp-30,광무 원년 10월 12일은 우리 역사에서 제일 빛나고 영화로운 날이 되었다. 폐하께서 조선 역사상 처음으로 황제의 자리에 오르시어 조선이 자주독립한 황제국이 되었으니 백성으로서 어찌 감격한 생각이 아니 나겠는가. …(중략)… 이날 오전 환구단에 가서 하늘에 제사하고 황제의 자리에 올랐음을 고하였다. 정오에 만조백관이 예복을 갖추고 경운궁에 나아가 황제 폐하께 크게 하례를 올렸다.,"{'question': '밑줄 친 ‘황제국’에 대한 설명으로 옳은 것은?', 'choices': ['① 지계를 발급하였다.', '② 골품제를 운영하였다.', '③ 개경을 수도로 삼았다.', '④ 인조반정으로 성립되었다.', '⑤ 국민 대표 회의를 소집하였다.'], 'answer': '1'}",
generation-for-nlp-31,"고종이 돌아가시매 많은 소문이 전국에 퍼졌다. 상황은 급박 하게 돌아가, 3월 1일에 서울을 중심으로 만세 시위가 시작 되었다. 경찰이 많은 사람을 검거했지만 시위에 참여한 군중은 폭력을 행사하지 않았다. 학교는 폐쇄되었다. 3월 5일에는 대규모 시위가 학생들을 중심으로 남대문 부근에서 일어났으며, 이후 전국 각지에서 격렬한 운동으로 이어졌다.","{'question': '자료에 나타난 민족 운동에 대한 설명으로 옳은 것은? [3점]', 'choices': ['① 만민 공동회를 개최하였다.', '② 좌우 합작 위원회가 주도하였다.', '③ 갑오개혁이 추진되는 배경이 되었다.', '④ 을미사변과 단발령에 반발하여 일어났다.', '⑤ 대한민국 임시 정부 수립에 영향을 주었다.'], 'answer': '5'}",
generation-for-nlp-32,"○○일보 (2021년 ○월 ○○일)
고국으로 돌아온 독립운동가
이번 광복절에 카자흐스탄으로부터 **(가)**의 유해가 고국으로 돌아왔다. 그의 유해는 추모 기간을 거친 후 국립대전현충원 독립 유공자 묘역에 안장될 예정이다. 한말 의병장으로 활약했던 그는 봉오동 전투와 청산리 전투를 승리로 이끄는 등 오랜 기간 항일 무장 투쟁을 전개하였다. 이후 연해주로 건너가 활동하던 중 소련의 강제 이주 정책에 의해 중앙아시아로 이주하게 되었고, 그곳에서 생을 마감하였다.","{'question': '(가) 인물에 대한 설명으로 옳은 것은? [3점]', 'choices': ['① 시무 28조를 건의하였다.', '② 대한 독립군을 이끌었다.', '③ 강동 6주 지역을 확보하였다.', '④ 인천 상륙 작전에 참여하였다.', '⑤ 상하이 훙커우 공원에서 의거를 일으켰다.'], 'answer': '2'}",
generation-for-nlp-33,"우리 생활에서 산업의 기초가 파괴되면 조선 사람의 생활과 인격 역시 파괴될 것입니다. 그러니 빈부를 막론하고 우리가 산업의 권리를 장악해야 합니다. 따라서 ‘내 살림 내 것으로’라는 구호를 내건 이 운동은 반드시 필요합니다.

조만식 등이 평양에서 시작한 이 운동은 중산 계급이 자신들의 경제적인 지위를 유지하려는 것일 뿐입니다. 이로 인해 토산물 가격이 너무 올라, 조선산 무명과 베옷을 입던 이들의 구매력은 더욱 참담하게 되었습니다.","{'question': '밑줄 친 ‘이 운동’에 대한 탐구 주제로 가장 적절한 것은?', 'choices': ['① 남북 협상의 추진과 결과', '② 당백전 발행의 이유와 문제점', '③ 조선 물산 장려회의 활동과 평가', '④ 대동법 실시의 사회․경제적 원인과 효과', '⑤ 국제 통화 기금[IMF] 구제 금융 신청의 배경과 영향'], 'answer': '3'}",
generation-for-nlp-34,"1942년 10월 이윤재, 한징, 이극로, 최현배 등 **(가)**의 회원들이 경찰에 검거되었다. 한글 맞춤법 통일안을 마련하고 표준어를 선정하는 등의 (가) 활동은 민중의 민족의식을 높여 조선 독립을 꾀하는 것이라며, 검거된 회원들은 혹독한 고문을 받았다. 그 결과 이윤재와 한징은 옥사하였고, 이극로와 최현배 등은 치안 유지법 위반으로 징역형을 선고받았다.","{'question': '(가) 단체에 대한 설명으로 옳은 것은?', 'choices': ['① 독립문을 건립하였다.', '② 정우회 선언을 계기로 창립되었다.', '③ 오산 학교와 대성 학교를 설립하였다.', '④ 고종 강제 퇴위 반대 운동을 전개하였다.', '⑤ 우리말(조선말) 큰사전 편찬을 추진하였다.'], 'answer': '5'}",
generation-for-nlp-35,"배재 고등 보통학교를 중도에 그만두고 귀농한 지식 청년 김○○가 조선 사람의 성과 이름을 일본식 씨(氏)와 이름으로 바꾸는 정책을 비판하였다. 이에 지난 5월 6일 법원에서는 내선일체의 방침을 훼손하는 불온한 언사라고 하여, 그에게 체형(體刑) 1년의 판결을 내리고 투옥시켰다.","{'question': '밑줄 친 ‘정책’이 실시된 시기에 볼 수 있는 모습으로 가장 적절한 것은? [3점]', 'choices': ['① 황국 신민 서사를 암송하는 학생', '② 통리기무아문에서 회의하는 관리', '③ 3․15 부정 선거에 항의하는 시민', '④ 쌍성총관부 공격에 동원되는 군사', '⑤ 임술 농민 봉기에 참여하는 소작농'], 'answer': '1'}",
generation-for-nlp-36,"여학생: 이 사진은 유엔 한국 임시 위원단이 선거 과정을 감독하는 모습이야. 이 선거로 국민이 선출한 의원들이 국회를 구성했어.

남학생: 맞아. 이 선거는 사진처럼 여성도 참여하는 보통 선거로 치러졌지. 선거 결과 구성된 국회에서 제헌 헌법이 제정되었어.","{'question': '밑줄 친 ‘국회’에 대한 설명으로 옳은 것은? [3점]', 'choices': ['① 이상설 등을 헤이그에 특사로 파견하였다.', '② 반민족 행위 처벌법을 제정하였다.', '③ 베트남 파병을 추진하였다.', '④ 헌의 6조를 채택하였다.', '⑤ 홍문관을 설치하였다.'], 'answer': '2'}",
generation-for-nlp-37,"이 자료는 헌법을 개정하기 위해 국민 투표를 독려하는 홍보물이다. 당시 정부는 국내외 정세 변화와 지속적인 경제 성장을 이유로 개헌을 추진하였다. 하지만 개헌안의 주요 내용은 대통령을 탄핵하는 경우 국회의 발의 및 의결 정족수를 높이고, 대통령의 3선을 허용하는 것이었다. 야당과 학생들의 반대에도 불구하고, 이 개헌안은 국회의 의결과 국민 투표를 거쳐 헌법으로 확정되었다.","{'question': '밑줄 친 ‘개헌’이 이루어진 시기를 연표에서 옳게 고른 것은? 8.15 광복, (가), 6.25 전쟁 발발, (나), 5.16 군사 정변, (다), 부마 민주 항쟁, (라), 6.29 민주화 선언, (마)', 'choices': ['① (가)', '② (나)', '③ (다)', '④ (라)', '⑤ (마)'], 'answer': '3'}",
generation-for-nlp-38,"모시는 글: 유네스코 세계 기록 유산으로 등재된 (가) 기록물을 만날 수 있는 특별전을 개최합니다. 당시 광주의 시민과 학생들은 계엄군의 무력 진압에 맞서 시민군을 결성하여 항쟁하였습니다. 이들이 남긴 기록을 통해 **(가)**의 과정을 살펴보고, 민주화를 향한 당시 시민들의 열망을 느껴 보시기 바랍니다.

주요 전시물:

‘시민 여러분께 안내 말씀 드립니다’

‘1980년도 광주의 비극을 밝히는 시’

‘과도 정부의 최규하 대통령에게 보내는 글’","{'question': '(가) 민주화 운동에 대한 설명으로 옳은 것은?', 'choices': ['① 내각 책임제 정부 수립을 가져왔다.', '② 미쓰야 협정을 체결하는 계기가 되었다.', '③ 신군부 세력의 권력 장악에 저항하였다.', '④ 10․26 사태가 발생하는 원인이 되었다.', '⑤ 한반도에 대한 신탁 통치 결정에 반발하였다.'], 'answer': '3'}",
generation-for-nlp-39,"방금 전 뉴욕에서 열린 제46차 유엔 총회에서 159개 전 회원국이 만장일치로 남북한의 유엔 동시 가입을 승인하였습니다. 남북한의 수락 연설에는, 남과 북이 별개 국가로 유엔에 가입했지만 단합된 협력과 노력으로 평화 통일을 이루자는 내용이 공통적으로 들어 있었습니다.","{'question': '다음 뉴스가 보도된 정부 시기에 있었던 사실로 옳은 것은? [3점]', 'choices': ['① 국가 총동원법이 제정되었다.', '② 남북 기본 합의서가 채택되었다.', '③ 7․4 남북 공동 성명이 발표되었다.', '④ 제1차 경제 개발 5개년 계획이 추진되었다.', '⑤ 경제 협력 개발 기구[OECD] 가입이 이루어졌다.'], 'answer': '2'}",
generation-for-nlp-40,"일정: 2023년 ○○월 ○○일 ~ ○○월 ○○일

내용: 계급이 발생한 (가) 시대의 대표적인 유물인 비파형 동검의 제작 과정을 영상으로 시청할 수 있으며, 상설 전시실 앞에서는 다양한 체험 활동을 할 수 있습니다.

참가자에게 반달 돌칼 또는 비파형 동검 미니어처를 드립니다.","{'question': '(가) 시대의 사회 모습으로 옳은 것은?', 'choices': ['① 서원이 건립되었다.', '② 고인돌이 축조되었다.', '③ 상평통보가 사용되었다.', '④ 향․부곡․소가 설치되었다.', '⑤ 팔관회와 연등회가 개최되었다.'], 'answer': '2'}",
generation-for-nlp-41,"16년 봄, **(가)**의 왕이 도읍을 사비로 옮기고 국호를 남부여로 개칭하였다.

32년 가을, **(가)**의 왕이 적을 습격하기 위해 구천에 이르렀는데 숨어 있던 적군과 맞서 싸우다가 전사하였다. 시호를 성(聖)이라 하였다.","{'question': '(가) 국가의 문화유산으로 옳은 것은? [3점]', 'choices': ['① 경주 석굴암 석굴','② 강서대묘 사신도(현무)', '③ 백제 금동 대향로', '④ 삼국유사', '⑤ 수원 화성 시험'], 'answer': '3'}",
generation-for-nlp-42,"(가) (재위 기간: 918~943년)

주요 업적:

고구려 계승을 표방하여 국호를 고려라 함.

송악(개경)으로 수도를 옮김.

혼인 정책으로 호족을 포섭함.

발해 유민을 포용함.","{'question': '(가) 왕에 대한 설명으로 옳은 것은?', 'choices': ['① 교육입국 조서를 반포하였다.', '② 전국에 척화비를 건립하였다.', '③ 치안 유지법을 제정하였다.', '④ 경국대전을 편찬하였다.', '⑤ 후삼국을 통일하였다.'], 'answer': '5'}",
generation-for-nlp-43,"(인조 14년) 12월 1일
청이 조선 침략을 위해 12만여 명의 대군을 선양(심양)에 집결하게 하였다.

(인조 14년) 12월 14일
임금이 강화도로 가려고 하였으나, 청군이 길을 차단하였다고 하자 남한산성으로 들어갔다.

(인조 15년) 1월 22일
청군이 강화도를 함락하였고 봉림대군 등이 사로잡혔다.

(인조 15년) 1월 30일
임금이 삼전도에서 세 번 절하고 아홉 번 머리를 조아리는 예를 행하였다.","{'question': '다음 자료에 나타난 전쟁의 영향으로 가장 적절한 것은?', 'choices': ['① 대가야가 멸망하였다.', '② 별무반이 편성되었다.', '③ 북벌론이 대두하였다.', '④ 삼국 간섭이 발생하였다.', '⑤ 쌍성총관부가 설치되었다.'], 'answer': '3'}",
generation-for-nlp-44,"탐구 주제: (가)

탐구 내용:

이자겸과 척준경이 군사를 동원하여 궁궐을 불태웠다. 이자겸 일파가 왕을 위협하여 처소를 남쪽으로 옮기고, 왕의 측근들을 죽였다.

묘청 등이 서경을 근거지로 삼아서 반란을 일으켰다. 이에 김부식이 이끄는 관군이 이들을 토벌하였다.","{'question': '(가)에 들어갈 내용으로 가장 적절한 것은? [3점]', 'choices': ['① 신라 말 호족 세력의 성장', '② 고려 문벌 사회의 동요', '③ 조선 전기 훈구와 사림의 대립', '④ 조선 후기 탕평 정치의 추진', '⑤ 일제 강점기 민족 유일당 운동의 전개'], 'answer': '2'}",
generation-for-nlp-45,"Q: **(가)**에 대해 알려 주세요.

A: - 공물을 토산물 대신 토지 결수에 따라 쌀 등으로 징수하였어요.

방납의 폐단을 바로잡기 위해 실시되었어요.

광해군 때에 시작되어 숙종 때에 평안도·함경도 등을 제외한 전국에서 시행되었어요.","{'question': '(가) 제도에 대한 설명으로 옳은 것은? [3점]', 'choices': ['① 공인이 성장하는 계기가 되었다.', '② 삼백 산업 발달에 영향을 주었다.', '③ 물산 장려 운동의 배경이 되었다.', '④ 기기창이 설치되는 결과를 가져왔다.', '⑤ 권문세족의 경제적 기반을 약화시켰다.'], 'answer': '1'}",
generation-for-nlp-46,저는 지금 경복궁에 나와 있습니다. 경복궁은 임진왜란 때 불타 버렸는데 고종의 아버지인 **(가)**이/가 왕실의 권위를 높이기 위해 중건하였습니다. 이 과정에서 원납전을 징수하고 당백전을 발행하여 백성의 원망을 사기도 하였습니다.,"{'question': '(가) 인물이 실시한 정책으로 옳은 것은?', 'choices': ['① 정동행성 이문소를 폐지하였다.', '② 독서삼품과를 운영하였다.', '③ 4군 6진을 개척하였다.', '④ 호포제를 시행하였다.', '⑤ 마한을 복속하였다.'], 'answer': '4'}",
generation-for-nlp-47,"(가) 임금께서 말씀하시기를, “군국기무처 회의 총재는 영의정 김홍집이 맡고, …(중략)… 날마다 와서 모여 크고 작은 사무를 협의하여 아뢰고 난 후 거행하도록 하라.”라고 하였다.

(나) 임금이 모든 관원을 이끌고 엄숙한 차림새를 갖추고 환구단에 이르러 친히 하늘과 땅에 제사를 지낸 후 황제에 즉위하였다. …(중략)… 국호를 대한으로 정하고, 올해를 광무 원년으로 하였다.","{'question': '(가), (나) 시기 사이에 있었던 사실로 옳은 것은? [3점]', 'choices': ['① 아관 파천이 단행되었다.', '② 무신 정변이 발발하였다.', '③ 홍경래의 난이 발생하였다.', '④ 조선 형평사가 조직되었다.', '⑤ 인천 상륙 작전이 전개되었다.'], 'answer': '1'}",
generation-for-nlp-48,"○○ 도서관 한국사 교양 강좌

강연 주제: 일본의 경제 침략에 맞선 구국 운동

강연 내용:

방곡령 사건의 전개

(가)

보안회의 활동

국채 보상 운동의 확산","{'question': '(가)에 들어갈 내용으로 가장 적절한 것은?', 'choices': ['① 녹읍의 폐지', '② 균역법의 시행', '③ 새마을 운동의 추진', '④ 전민변정도감의 설치', '⑤ 황국 중앙 총상회의 조직'], 'answer': '5'}",
generation-for-nlp-49,이것은 민영환이 자신의 명함에 남긴 유서의 일부이다. 그는 강제로 체결된 이 조약을 파기할 것과 체결에 앞장선 오적을 처단하라는 상소를 올렸다가 감옥에 갇히기도 하였다. 감옥에서 풀려난 그는 유서에 2천만 동포 형제에게 사죄한다는 말을 남기고 이 조약에 대한 항의의 표시로 자결하였다.,"{'question': '밑줄 친 ‘이 조약’의 결과로 옳은 것만을 <보기>에서 고른 것은? [3점] ㄱ. 통감부가 설치되었다. ㄴ.부산, 원산, 인천이 개항되었다., ㄷ.대한 제국의 외교권이 박탈되었다., ㄹ. 청과 일본의 군대가 동시에 철수하였다.', 'choices': ['① ㄱ, ㄴ', '② ㄱ, ㄷ', '③ ㄴ, ㄷ', '④ ㄴ, ㄹ', '⑤ ㄷ, ㄹ'], 'answer': '2'}","ㄱ. 통감부가 설치되었다. ㄴ. 부산, 원산, 인천이 개항되었다. ㄷ. 대한 제국의 외교권이 박탈되었다. ㄹ. 청과 일본의 군대가 동시에 철수하였다."
generation-for-nlp-50,"학습 주제: ○○○○의 활동

모금 운동을 벌여 독립문을 건립하였어.

(가)

러시아의 이권 침탈을 규탄하였어.","{'question': '(가)에 들어갈 내용으로 가장 적절한 것은?', 'choices': ['① 광주 학생 항일 운동을 지원하였어.', '② 한글 맞춤법 통일안을 마련하였어.', '③ 서울 진공 작전을 추진하였어.', '④ 만민 공동회를 개최하였어.', '⑤ 어린이날을 제정하였어.'], 'answer': '4'}",
generation-for-nlp-51,"“학생들이 다시 만세를 외치다”
1920년 3월 1일 새벽, 이 운동의 발발 1주년을 기념하여 배화여학교의 학생 수십여 명은 학교 뒷산에 올라가 “대한 독립 만세”를 외쳤다. 그러나 이들의 시위 소식을 들은 경찰들이 달려와 학생들을 줄줄이 잡아갔다. 한편 다음 날 경찰은 배재고등보통학교에서도 만세를 불렀다는 혐의로 학생들을 연행하였다. 현재 해당 학교의 교사와 학생 15명이 경무총감부에 갇혀 있는 중이다.","{'question': '밑줄 친 ‘이 운동’의 영향으로 가장 적절한 것은? [3점]', 'choices': ['① 집강소가 운영되었다.', '② 을미의병이 일어났다.', '③ 내각 책임제 개헌이 이루어졌다.', '④ 남북한이 유엔에 동시 가입하였다.', '⑤ 일제가 이른바 문화 통치를 실시하였다.'], 'answer': '5'}",
generation-for-nlp-52,[해제] 조선군 사령관을 협박하고 육군 특별 지원병 제도(지원병제)를 비판한 혐의로 검거된 최○○에 대한 소송 기록이다. 최○○의 동생이 학교 졸업 후 지원병에 지원하겠다는 기존의 약속을 지키지 않자 학교는 최○○를 불러 동생의 지원병 입소를 종용하였다. 최○○은 동생을 지원병으로 보낼 수 없다며 분개하였다. …(중략)… 그러던 중 지원병 문제로 조선군 사령관을 협박하는 투서가 있자 경찰은 투서자로 최○○을 지목하였다. 경성지방법원은 필적 감정 등을 근거로 최○○에게 징역 10월을 선고하였다.,"{'question': '다음 판결이 내려진 시기에 볼 수 있는 모습으로 가장 적절한 것은?', 'choices': ['① 갑신정변에 참여하는 개화파', '② 경인선 개통식을 바라보는 상인', '③ 황국 신민 서사를 암송하는 학생', '④ 신식 무기를 들고 훈련받는 별기군', '⑤ 5․18 민주화 운동을 취재하는 기자'], 'answer': '3'}",
generation-for-nlp-53,이 우표는 김상옥 의사 순국 100주년을 기념하여 제작된 것입니다. 우표에는 그의 사진을 바탕으로 그린 초상화가 담겨 있습니다. 그는 이 단체의 단원으로 종로 경찰서에 폭탄을 투척하는 의거를 일으켰습니다.,"{'question': '밑줄 친 ‘이 단체’에 대한 설명으로 옳은 것은? [3점]', 'choices': ['① 김원봉의 주도로 결성되었다.', '② 교조 신원 운동을 전개하였다.', '③ 부마 민주 항쟁에 참여하였다.', '④ 오산 학교와 대성 학교를 건립하였다.', '⑤ 김규식을 파리 강화 회의에 파견하였다.'], 'answer': '1'}",
generation-for-nlp-54,"1930년에 조사한 통계 자료에 따르면 전체 한국인 가운데 한글을 읽고 쓸 수 있는 사람은 약 15%에 불과했다. 이를 남녀로 구분해 보면 전체 남성 중 약 25%만이, 여성 중 약 6%만이 한글을 읽고 쓸 수 있었다. 이렇게 문맹률이 높은 상황에서 한글 보급 등을 목표로 (가)","{'question': '(가)에 들어갈 내용으로 가장 적절한 것은?', 'choices': ['① 과거제가 도입되었다.', '② 홍문관이 설치되었다.', '③ 한성순보가 창간되었다.', '④ 수선사 결사가 제창되었다.', '⑤ 브나로드 운동이 전개되었다.'], 'answer': '5'}",
generation-for-nlp-55,"역사는 아(我)와 비아(非我)의 투쟁
독립운동가이자 역사학자 ○○○의 삶을 다룬 다큐멘터리

회차 정보

제1화 『을지문덕』 등 민족 영웅전을 발간하다.

제2화 「독사신론」을 대한매일신보에 연재하다.

제3화 (가)

제4화 「조선사연구초」를 동아일보에 연재하다.

제5화 『조선사』가 광복 후 『조선상고사』로 간행되다.","{'question': '(가)에 들어갈 내용으로 가장 적절한 것은? [3점]', 'choices': ['① 한국통사를 저술하다.', '② 시무 28조를 건의하다.', '③ 조선 혁명 선언을 작성하다.', '④ 조선 사회 경제사를 출간하다.', '⑤ 우리말(조선말) 큰사전 편찬을 주도하다.'], 'answer': '3'}",
generation-for-nlp-56,"조사 보고서

피의자: ○○○

피의자는 반민족 행위의 죄기 현저하므로 반민족 행위 처벌법에 의거하여 아래와 같이 조사서를 작성 보고함.

범죄 개요

일본의 전쟁 승리를 위한 항공 전력 확대를 목적으로 조선비행기공업주식회사를 설립함.

일본의 국가 정책을 추진할 목적으로 설립된 각 단체의 핵심 간부로서 지도적 행동을 함.

사회 문화 부문에 있어서 민족정신과 신념을 배반하고, 일본 침략주의와 그 시책을 수행하는 데 협력 지도함.","{'question': '다음 내용의 보고서를 작성한 위원회에 대한 설명으로 옳은 것은? [3점]', 'choices': ['① 삼청 교육대를 운영하였다.', '② 제헌 국회에 의해 구성되었다.', '③ 정우회 선언을 계기로 결성되었다.', '④ 민립 대학 설립 운동을 추진하였다.', '⑤ 조선 인민 공화국 수립을 선포하였다.'], 'answer': '2'}",
generation-for-nlp-57,"3·15 부정 선거로 인하여 삼천만 동포의 울분은 절정에 달하고, 청년들이 불법과 불의에 저항하다가 총탄에 쓰러졌다. … (중략) … 자유당과 정부는 대통령의 4선을 위하여 후보 등록의 폭력적 방해, 유권자 협박, 3인조 공개 투표, 야당 참관인에 대한 방해, 부정 개표 등의 불법을 자행하였다. 이로 인해 민주 선거 제도는 완전히 파괴되고 말았다. … (중략) … 대통령은 3·15 선거의 불법과 무효를 인정하고, 또 12년 동안의 실정에 대해 책임을 지고 물러나야 할 것이다.","{'question': '다음 자료에 대한 탐구 활동으로 가장 적절한 것은?', 'choices': ['① 임오군란의 영향을 살펴본다.', '② 6․10 만세 운동의 배경을 알아본다.', '③ 4․19 혁명의 전개 과정을 조사한다.', '④ 제주 4․3 사건의 발발 원인을 파악한다.', '⑤ 모스크바 3국 외상 회의에서 결정된 내용을 분석한다.'], 'answer': '3'}",
generation-for-nlp-58,"오늘 대법원은 유신 헌법을 근거로 발령된 긴급 조치 1호가 위헌이라고 판결하였습니다. 대법원은 긴급 조치 1호가 민주주의의 본질인 표현과 신체의 자유를 심각하게 훼손하였으며, 국가의 중대한 위기가 아닌 상황에서 발령되었기 때문에 위헌이라고 밝혔습니다.
""긴급 조치 1호 위헌""","{'question': '밑줄 친 ‘긴급 조치’가 발표된 시기를 연표에서 옳게 고른 것은? 8.15 광복, (가), 발췌 개헌안 통과, (나), 5.16 군사 정변, (다), 3선 개헌안 통과, (라), 4.13 호헌 조치 발표, (마), 6.15 남북 공동 선언', 'choices': ['① (가)', '② (나)', '③ (다)', '④ (라)', '⑤ (마)'], 'answer': '4'}",
generation-for-nlp-59,"○○○○○이/가 출발합니다. 경제 정의가 실현됩니다.

국민 여러분의 문의 사항을 답변해 드리기 위해 안내 센터를 설치했습니다. -

○○○○○은/는 문자 그대로 은행이나 증권 회사 등 금융 기관과의 거래 시에 가명이 아닌 실명으로만 거래할 수 있는 제도입니다. 정부는 전격적인 ○○○○○ 실시에 따른 국민들의 불편을 최소화하고, 일상 경제 활동에 지장을 주지 않도록 주민등록증 제시만으로 명의를 확인받을 수 있도록 하였습니다.

재무부·공보처","{'question': '밑줄 친 ‘정부’에 대한 설명으로 옳은 것은? [3점]', 'choices': ['① 지계를 발급하였다.', '② G20 정상 회의를 개최하였다.', '③ 제1차 경제 개발 5개년 계획을 추진하였다.', '④ 경제 협력 개발 기구[OECD]에 가입하였다.', '⑤ 유상 매입, 유상 분배의 농지 개혁을 시행하였다.'], 'answer': '4'}",
generation-for-nlp-60,"체험 학습 프로그램 안내

일시: 2024년 ○월 ○일 ○시 ~ ○시

장소: 연천 전곡리 유적 체험 학습장

내용: 주로 동굴과 막집 등에 머물며 주먹도끼, 찍개 등 뗀석기를 사용했던 (가) 시대의 대표적인 연천 전곡리 유적을 찾아가 당시 사람들의 생활 도구를 직접 제작해 본다.","{'question': '(가) 시대의 사회 모습으로 가장 적절한 것은?', 'choices': ['① 불교 행사로 팔관회와 연등회를 열었다.', '② 지배층의 무덤으로 고인돌을 축조하였다.', '③ 사냥과 채집을 하면서 이동 생활을 하였다.', '④ 모내기법을 활용하여 이모작을 실시하였다.', '⑤ 나라별로 독자적인 제천 행사를 거행하였다.'], 'answer': '3'}",
generation-for-nlp-61,"한국사 신문 (2023년 9월 ○○일)
(가) 고분군, 유네스코 세계 유산으로 등재

지난 9월 17일 경남 김해 대성동 고분군과 경북 고령 지산동 고분군을 포함한 7개 고분군이 '(가) 고분군'이라는 이름으로 유네스코 세계 유산에 등재되었다. 이에 대해 세계 유산 위원회는 ""동아시아 고대 문명의 다양성을 보여 주는 중요한 증거로서 '탁월한 보편적 가치'가 인정된다.""라고 선정 이유를 밝혔다.
(가) 은/는 낙동강 중·하류 지역을 중심으로 한반도 동남부에서 성립하였다. 질 좋은 철과 우수한 철기 제작 기술을 바탕으로 발전해 갔으나, 6세기에 들어 이웃 나라인 백제와 신라의 세력 확장에 밀리면서 점차 쇠퇴하여 소멸하고 말았다.

▲ 김해 대성동 고분군 / ▲ 고령 지산동 고분군","{'question': '(가) 나라에 대한 설명으로 옳은 것은? [3점]', 'choices': ['① 전국을 8도로 나누었다.', '② 대조영에 의해 건국되었다.', '③ 인재 양성 기관으로 국학을 두었다.', '④ 3차에 걸친 거란의 침략을 물리쳤다.', '⑤ 금관가야 등 여러 소국이 연맹을 형성하였다.'], 'answer': '5'}",
generation-for-nlp-62,"이 자료는 1933년 일본 도다이사 쇼소인에서 발견된 문서의 일부입니다. 문서에는 서원경 부근의 촌을 비롯한 4개 촌의 경제 상황이 나타나 있습니다. 조세 수취와 노동력 동원의 기초 자료를 얻기 위해 작성한 문서로 파악되는데, 이 문서를 작성한 나라는 골품제라는 신분 제도를 운용한 것으로도 널리 알려져 있습니다.

사해점촌은 둘레가 5,725보이다. 호수는 11호이다. … (중략) … 3년 전부터 살아온 사람과 지난 3년 사이에 태어난 사람을 합하면 145명이다. … (중략) … 논은 모두 102결 2부 4속이고 … (중략) … 밭은 62결 10부 ○속이다. 뽕나무는 1,004그루이고 … (중략) … 잣나무는 120그루, 가래나무는 112그루이다.","{'question': '밑줄 친 ‘나라’에 대한 설명으로 옳은 것은?', 'choices': ['① 지방을 9주 5소경 체제로 정비하였다.', '② 관리 선발 제도로 과거제를 도입하였다.', '③ 사회 질서 유지를 위해 8조법을 시행하였다.', '④ 국가 운영의 기본 법전인 경국대전을 편찬하였다.', '⑤ 근대 문물을 살피기 위해 일본에 조사 시찰단을 파견하였다.'], 'answer': '1'}",
generation-for-nlp-63,"이곳은 가상 박물관입니다. 전시된 문화유산을 누르면 이 왕조의 역사와 문화에 대한 정보를 얻을 수 있습니다.

[태조 왕건의 동상]: 이 왕조를 건국하고 후삼국을 통일한 태조 왕건의 동상입니다. 황제가 쓰는 통천관을 쓰고 있습니다.

[팔만대장경판]: 수준 높은 목판 인쇄술을 보여 주는 팔만대장경판은 이 왕조가 강화도로 수도를 옮기고 몽골에 항전했던 시기에 제작되었습니다.","{'question': '밑줄 친 ‘이 왕조’의 문화에 대한 설명으로 옳은 것은? [3점]', 'choices': ['① 동학이 창시되었다.', '② 삼국사기가 편찬되었다.', '③ 수원 화성이 건설되었다.', '④ 조선어 학회가 조직되었다.', '⑤ 석굴암 본존 불상이 조성되었다.'], 'answer': '2'}",
generation-for-nlp-64,"학습 주제: 조선 전기의 대외 관계

[학생 1]: 이 시기에는 명과 조공·책봉 관계를 맺고 경제·문화적 실리를 추구하였어.

[학생 2]: 압록강과 두만강 일대의 여진을 몰아내고 4군과 6진을 개척하였지.","{'question': '(가)에 들어갈 내용으로 가장 적절한 것은? [3점]', 'choices': ['① 우산국을 정벌하여 복속시켰어.', '② 수․당의 거듭된 침공을 막아 냈어.', '③ 3포를 개방하여 일본과 교역하였어.', '④ 쌍성총관부를 공격하여 영토를 회복하였어.', '⑤ 미국과 한․미 상호 방위 조약을 체결하였어.'], 'answer': '3'}",
generation-for-nlp-65,"○ 전황(錢荒)의 폐단이 요즘 더욱 심해진다. … (중략) … 구리를 사는 일과 동전을 주조하는 일에 대해 일전에 대신들에게 의견을 들어 보았다. 이제 상평청으로 하여금 빨리 구리를 사게 하고, 그 구리로 동전을 만들어 민간에 유통시키면, 전황의 폐해를 바로잡는 데 도움이 될 것이다.

○ 우리나라에 상평통보가 통용된 지 이제 140여 년이 된다. … (중략) … 당연히 백성들의 생업이 풍부해지고 국가의 살림이 넉넉해져야 하는데, 어찌하여 1백 년 이래 관청과 민간의 창고가 모두 고갈되고 남북의 재화가 유통되지 않는가? … (중략) … 진실로 그 까닭을 따져 보면 동전에 허물이 있는 것이다.","{'question': '다음 자료에 나타난 시기의 경제 상황으로 옳은 것은?', 'choices': ['① 금융 실명제가 실시되었다.', '② 물산 장려 운동이 전개되었다.', '③ 철제 농기구가 사용되기 시작하였다.', '④ 인삼, 담배 등이 상품 작물로 재배되었다.', '⑤ 녹읍이 폐지되어 귀족의 경제 기반이 약화되었다.'], 'answer': '4'}",
generation-for-nlp-66,"이것은 오늘 학습한 내용에 대해 여러분이 중요하다고 생각하여 보내 준 단어들을 가지고 빅데이터 분석 기법을 활용해 시각화한 것입니다. 빈도가 높아 글자가 크게 나타난 단어들을 보면, 오늘 배운 이 사건을 잘 파악한 것으로 보입니다.

[워드 클라우드 내 텍스트]
강화도, 프랑스군, 외규장각, 의궤, 양헌수, 정족산성, 천주교, 벨로네, 한성근, 문수산성","{'question': '밑줄 친 ‘이 사건’에 대한 탐구 활동으로 가장 적절한 것은?', 'choices': ['① 별무반 편성을 건의한 인물을 찾아본다.', '② 나당 연합군의 활동 내용을 알아본다.', '③ 병인박해가 끼친 영향을 살펴본다.', '④ 위화도 회군의 배경을 조사한다.', '⑤ 이자겸의 난의 결과를 분석한다.'], 'answer': '3'}",
generation-for-nlp-67,"이 자료는 1876년에 조선이 일본과 맺은 최초의 근대적 조약 내용을 수록한 문서의 첫 부분입니다. 수호 조규라는 이름이 붙은 이 조약에는 조선이 자주국으로 명시되었지만, 일본에게 해안 측량권을 부여하고 영사 재판권을 인정하는 등 조선에 불리한 내용이 포함되어 있습니다.

[조약 문서 이미지]
(수호 조규)","{'question': '밑줄 친 ‘이 조약’에 대한 설명으로 옳은 것은? [3점]', 'choices': ['① 집강소 설치를 규정하였다.', '② 척화비 건립의 배경이 되었다.', '③ 임술 농민 봉기의 원인이 되었다.', '④ 운요호 사건을 계기로 체결되었다.', '⑤ 북벌론이 대두하는 데 영향을 끼쳤다.'], 'answer': '4'}",
generation-for-nlp-68,"흥선 대원군을 가까운 시일 내에 돌아오게 하고, 청에 대한 조공의 허례를 폐지할 것.

문벌을 폐지하여 인민 평등의 권리를 제정하고, 사람으로써 벼슬을 택하되 벼슬로써 사람을 택하지 말 것.

모든 국가 재정을 호조가 관할하게 하며 그 밖의 재무 관청은 폐지할 것.

[해설] 위 사료는 (가) 을/를 일으킨 김옥균, 박영효 등 급진 개화파가 구상한 개혁 정강의 일부이다. 이들은 청의 간섭 배제, 국가 체제의 개편 등을 목표로 과감한 변혁을 시도했으나, 청군의 개입으로 인해 3일 만에 실패하였다.","{'question': '(가) 사건의 영향으로 가장 적절한 것은? [3점]', 'choices': ['① 삼별초가 봉기하였다.', '② 규장각이 설치되었다.', '③ 임오군란이 발발하였다.', '④ 한성 조약이 체결되었다.', '⑤ 백두산정계비가 건립되었다.'], 'answer': '4'}",
generation-for-nlp-69,"탐구 활동 보고서
3학년 ○반 이름 △△△
주제: 개항 이후 정부가 추진한 개화 정책

1. 조사 내용
개항 이후 정부의 개화 정책이 추진됨에 따라 서구 문물의 영향을 받은 근대 시설이 갖추어지기 시작하였다. 갑오개혁에 앞선 이 시기에는 화폐 발행을 담당한 전환국, 최초의 신문을 발간한 박문국 등이 설치되었고, 서양식 의료 기관인 광혜원(제중원)이 세워져 운영되었다.
2. 관련 사진
[박문국에서 발간한 한성순보] / [한성에 설립된 광혜원(제중원)]","{'question': '밑줄 친 ‘이 시기’에 볼 수 있는 모습으로 가장 적절한 것은?', 'choices': ['① 황국 신민 서사를 암송하는 아동', '② 6․10 만세 운동에 동참하는 학생', '③ 5․10 총선거에 참여하여 투표하는 농민', '④ 육영 공원에서 영어를 가르치는 외국인 교사', '⑤ 경부 고속 국도(도로) 개통식에 참석하는 정부 관료'], 'answer': '4'}",
generation-for-nlp-70,"△△고등학교 생생 한국사

광무라는 연호가 사용된 시기에 구본신참의 원칙 아래 실행된 개혁의 내용을 조사하여 올려 주세요.

○○○: 원수부를 설치하여 황제권을 강화하였습니다.

□□□: 상공업 진흥을 위해 실업 학교를 설립하였습니다.

△△△: (가)","{'question': '(가)에 들어갈 내용으로 가장 적절한 것은?', 'choices': ['① 노비안검법을 시행하였습니다.', '② 새마을 운동을 전개하였습니다.', '③ 전민변정도감을 설치하였습니다.', '④ 산미 증식 계획을 추진하였습니다.', '⑤ 양전을 실시하고 지계를 발급하였습니다.'], 'answer': '5'}",
generation-for-nlp-71,"남 1: 오늘 신문을 보니 두 한국인이 서로 싸웠다는 이유로 순사에게 볼기를 맞았다는군. 우리 한국인에게만 차별적으로 태형을 집행하다니 너무하지 않나.

남 2: 말도 말게. 회사령에 따라 회사 설립 허가를 받으려 총독부에 갔던 한국인도 결국 허가를 받지 못했다고 하네.","{'question': '다음 상황이 나타난 시기에 있었던 사실로 옳은 것은?', 'choices': ['① 균역법이 제정되었다.', '② 도병마사가 설치되었다.', '③ 홍범 14조가 반포되었다.', '④ 헌병 경찰제가 실시되었다.', '⑤ 삼청 교육대가 운영되었다.'], 'answer': '4'}",
generation-for-nlp-72,"지금 한국의 형체는 허물어졌으나 오직 정신만은 남아 있을 수 없는 것일까. 이것이 한국통사를 저술하는 까닭이다. … (중략) … 오늘날 우리 민족은 모두 조상의 피로써 신체를 이루고, 조상의 혼으로써 정신을 삼고 있다. 우리 조상은 신성한 교화가 있고 신성한 학문과 무공을 가졌으니, 우리 민족이 어찌 다른 데서 구해야만 하겠는가. 무릇 우리 형제는 늘 생각하고 잊지 말 것이며, 형체와 정신을 전멸시키지 말 것을 간절히 바라노라.","{'question': '다음 자료를 활용한 탐구 활동으로 가장 적절한 것은?', 'choices': ['① 평양 천도의 배경을 살펴본다.', '② 민족주의 사학의 내용을 알아본다.', '③ 좌우 합작 위원회의 활동을 정리한다.', '④ 홍경래가 난을 일으킨 원인을 찾아본다.', '⑤ 진보당 사건으로 탄압받은 인물을 조사한다.'], 'answer': '2'}",
generation-for-nlp-73,"이달의 독립운동가 - 권기옥: 조국의 독립을 위해 날아오른 비행사

평양에서 태어난 권기옥은 숭의여학교를 다니다가 3·1 운동에 적극 참여하였다. 또한 3·1 운동의 영향으로 상하이에 수립된 (가) 이/가 독립운동 자금 마련을 위해 독립 공채를 발행하자 이를 판매하는 데 앞장섰다. 이후 중국으로 건너간 그는 독립 전쟁을 계획하던 (가) 의 국무위원인 이시영의 추천으로 윈난 항공 학교에 입학하고, 졸업 후 비행사가 되었다. 그리고 한국 최초의 여성 비행사로서 일제에 맞서 활발한 투쟁을 전개하였다.","{'question': '(가)의 활동으로 옳은 것은? [3점]', 'choices': ['① 교육입국 조서를 발표하였다.', '② 구미 위원부를 설치하였다.', '③ 연행사를 파견하였다.', '④ 별기군을 창설하였다.', '⑤ 방곡령을 선포하였다.'], 'answer': '2'}",
generation-for-nlp-74,"기념물로 보는 근·현대사 - 월남 이상재 선생 동상
(한국사 알림이 채널)

이상재 선생은 인재 양성과 민족의 독립을 위해 평생을 바친 분입니다. 그는 1927년 비타협적 민족주의 진영과 사회주의 진영이 함께 민족 유일당 운동의 일환으로 조직한 이 단체의 초대 회장으로 추대되었습니다. 이 단체는 ""기회주의를 일체 부인함."" 등의 강령을 내걸고 활발한 활동을 전개하였습니다.","{'question': '밑줄 친 ‘이 단체’에 대한 설명으로 옳은 것은? [3점]', 'choices': ['① 북학론을 제기하였다.', '② 어린이날을 제정하였다.', '③ 광주 학생 항일 운동을 지원하였다.', '④ 3․1 민주 구국 선언을 발표하였다.', '⑤ 조선책략의 유포에 반발하여 영남 만인소를 올렸다.'], 'answer': '3'}",
generation-for-nlp-75,"제목: 홍커우 사건 요지
발신일: ○○○○년 5월 1일
발신자: 중국 주재 프랑스 전권 공사
수신자: 프랑스 외무부 장관

그제 오전 일왕의 생일을 축하하기 위해 개최된 기념식에서 폭탄 투척 사건이 일어났습니다. 일본 공사 및 군 고위 인사들이 상하이 홍커우 공원에서 약 1만 명의 군사를 사열하고 연설을 하기 위해 단상에 모여 있었습니다. 일본 공사 시게미쓰가 연설하기 직전에 한 한국인이 고위 인사들 사이로 폭탄을 던졌습니다. 시라카와 대장을 비롯한 많은 인사들이 쓰러졌으며 크고 작은 부상을 입었습니다.","{'question': '밑줄 친 ‘한국인’에 대한 설명으로 옳은 것은? [3점]', 'choices': ['① 수선사 결사를 주도하였다.', '② 조선 혁명 선언을 작성하였다.', '③ 한인 애국단의 단원으로 활약하였다.', '④ 만국 평화 회의에 특사로 파견되었다.', '⑤ 평양에서 열린 남북 협상에 참가하였다.'], 'answer': '3'}",
generation-for-nlp-76,"위 자료는 농지 개혁법에 따라 발급된 상환 증서이다. 이 증서에는 농지를 분배받은 농민의 이름과 분배 농지의 면적, 상환액, 상환 기간 등이 기입되어 있다. 당시 정부는 3정보를 초과한 농지를 소유한 지주에게서 초과분의 농지를 유상 매입하는 한편, 농민에게는 상환 증서를 발급하고 유상으로 농지를 분배하였다.","{'question': '밑줄 친 ‘당시 정부’ 시기에 있었던 사실로 옳은 것은?', 'choices': ['① 6․25 전쟁이 발발하였다.', '② 만민 공동회가 개최되었다.', '③ 조선 형평사가 조직되었다.', '④ 국채 보상 운동이 전개되었다.', '⑤ 영국이 거문도를 불법 점령하였다.'], 'answer': '1'}",
generation-for-nlp-77,"6·10 국민 대회에 즈음하여 국민께 드리는 말씀
이 정부는 박종철 군을 고문으로 죽이고 그 범인마저 은폐·조작하였으며, 4·13 호헌 조치를 발표하여 온 국민과 함께 약속한 민주 개헌을 얼토당토않은 이유로 일방적으로 파기하였습니다. 우리는 이러한 정부의 부도덕성과 기만성을 엄중히 규탄하고 독재 권력의 영구 집권에 대한 단호한 국민적 거부를 다짐하기 위해 6월 10일 민주 헌법 쟁취 국민 대회를 개최하기로 하였습니다.","{'question': '다음 자료에 나타난 민주화 운동의 결과로 가장 적절한 것은? [3점]', 'choices': ['① 유신 체제가 붕괴되었다.', '② 제주 4․3 사건이 발생하였다.', '③ 5․16 군사 정변이 발발하였다.', '④ 내각 책임제 정부가 출범하였다.', '⑤ 대통령 직선제로 개헌이 이루어졌다.'], 'answer': '5'}",
generation-for-nlp-78,"(가) 올해 들어 수출이 예상외로 호황을 맞고 있다. … (중략) … 이렇게 1970년대에 이어 올해 제2의 수출 붐이 일어나게 된 것은 미 달러화 가치, 국제 금리, 원유가 등이 큰 폭으로 하락한 이른바 3저 현상 덕분이다. 지난해 9월 선진국 G5 재무 장관 회의 이래 일본 엔화 등이 달러화에 대해 강세를 지속하면서 우리 상품의 가격 경쟁력이 부쩍 높아졌다는 것이 제일의 요인이다.

(나) 오늘의 어려움 속에서도 국민 여러분께서는 놀라운 애국심과 저력을 발휘하셨습니다. 우리는 IMF[국제 통화 기금] 시대의 충격 속에서도 여·야 간 평화적 정권 교체의 위업을 이루었습니다. 국민 여러분은 나라의 위기를 극복하기 위해 금 모으기에 나섰고, 이미 20억 달러가 넘는 금을 모아 주셨습니다.","{'question': '(가), (나) 시기 사이에 있었던 사실로 옳은 것은?', 'choices': ['① 황국 중앙 총상회가 상권 수호 운동을 전개하였다.', '② 메가타의 주도로 화폐 정리 사업이 실시되었다.', '③ 경제 협력 개발 기구[OECD]에 가입하였다.', '④ 제1차 경제 개발 5개년 계획이 추진되었다.', '⑤ 미국의 원조로 삼백 산업이 발달하였다.'], 'answer': '3'}",
generation-for-nlp-79,"서울 올림픽 대회를 개최했던 ○○○ 정부에 대해 말해 볼까요?

학생 1: '남북 사이의 화해와 불가침 및 교류·협력에 관한 합의서(남북 기본 합의서)'를 채택했어요.

학생 2: 북방 외교를 추진하여 소련 등 공산권 국가들과 외교 관계를 수립했어요.

학생 3: (가)","{'question': '(가)에 들어갈 내용으로 가장 적절한 것은? [3점]', 'choices': ['① 군국기무처를 설치했어요.', '② 치안 유지법을 공포했어요.', '③ 병참 기지화 정책을 추진했어요.', '④ 베트남 전쟁에 군대를 파견했어요.', '⑤ 남북한의 유엔 동시 가입을 이뤄냈어요.'], 'answer': '5'}",
generation-for-nlp-80,"한국사 수업 디딤 영상 - (가) 시대 사람들은 어떻게 살았을까?
[비파형 동검과 반달 돌칼 이미지]
이것은 계급이 발생하고 군장이 출현한 (가) 시대의 대표적인 유물입니다. 당시 사람들은 구리에 주석과 아연을 섞어 비파형 동검을 제작하는 한편, 농사에 반달 돌칼과 같은 석기를 사용하였습니다.","{'question': '(가) 시대에 대한 설명으로 옳은 것은?', 'choices': ['① 서원이 철폐되었다.', '② 국학이 설치되었다.', '③ 고인돌이 축조되었다.', '④ 조사 시찰단이 파견되었다.', '⑤ 팔관회와 연등회가 개최되었다.'], 'answer': '3'}",
generation-for-nlp-81,"한국사 디지털 아카이브
삼국사기 권4 (가) 본기

○○왕 23년: (대)가야가 반란을 일으키자 왕이 이사부에게 명하여 토벌하게 하였다. 이사부가 군사를 이끌고 그곳에 이르자 일시에 모두 항복하였다.

○○왕 37년: 재능 있는 남자를 뽑아 화랑이라 하였다. 함께 학문을 연마하고 산천을 유람하게 한 후 그중 어진 사람을 뽑아 조정에 천거하였다.","{'question': '(가) 국가의 문화유산으로 옳은 것은? [3점]', 'choices': ['① 광개토 대왕릉비', '② 단양 신라 적성비', '③ 제왕운기', '④ 경복궁', '⑤ 독립문'], 'answer': '2'}",
generation-for-nlp-82,"학습 주제: 고려 국왕, ○○의 업적

학생 1: 훈요 10조를 남겨 후대 왕이 통치의 교훈으로 삼게 하였어.

학생 2: 서경을 중시하고, 북쪽으로 영토를 넓히는 북진 정책을 추진하였어.

학생 3: (가)","{'question': '(가)에 들어갈 내용으로 가장 적절한 것은?', 'choices': ['① 후삼국을 통일하였어.', '② 사비로 수도를 옮겼어.', '③ 홍범 14조를 발표하였어.', '④ 위화도 회군을 단행하였어.', '⑤ 전민변정도감을 설치하였어.'], 'answer': '1'}",
generation-for-nlp-83,"왕이 이르기를, “우리나라가 여러 대를 내려오면서 원(元)에 충성한 지 무릇 80여 년이 되고 해마다 빠짐없이 예물을 보냈습니다. 신(臣)이 세자였을 때 원 황실과 혼인하여 황제를 장인으로 모시게 되었으니 실로 지극한 은혜에 감격하고 있습니다.”라고 하였다.","{'question': '다음 자료의 상황이 나타난 시기의 모습으로 옳은 것은? [3점]', 'choices': ['① 골품제가 운영되었다.', '② 권문세족이 농장을 확대하였다.', '③ 황국 중앙 총상회가 조직되었다.', '④ 상평통보가 전국적으로 유통되었다.', '⑤ 5경 15부 62주의 행정 구역이 설치되었다.'], 'answer': '2'}",
generation-for-nlp-84,"[개봉 예정 영화] 최후의 전투, 광성보
개봉일: 2025년 개봉 예정
장르: 다큐멘터리 영화
등급: 15세 이상 관람가

줄거리
바야흐로 1871년, 로저스 제독이 이끄는 미국 함대가 조선을 침입한다. 초지진에 상륙한 후 덕진진까지 점령한 미군이 광성보로 접근해 오자, 어재연은 지휘 본부에 대형 수(帥)자기를 게양하고 폭우처럼 쏟아지는 총알 속에서 항전을 벌이는데...","{'question': '밑줄 친 ‘침입’에 대한 설명으로 옳은 것은?', 'choices': ['① 개경 환도에 영향을 주었다.', '② 4군 6진 개척의 배경이 되었다.', '③ 제너럴셔먼호 사건을 구실로 일어났다.', '④ 한미 상호 방위 조약이 체결되는 원인이 되었다.', '⑤ 모스크바 3국 외상 회의가 개최되는 계기가 되었다.'], 'answer': '3'}",
generation-for-nlp-85,"국가유산 모바일 스탬프 투어입니다! 선릉은 조선 제9대 임금인 (가) 와/과 부인 정현 왕후를 안장한 곳입니다. (가) 은/는 집현전을 계승하는 홍문관을 설치하였을 뿐만 아니라 사림을 3사 언관직에 중용하였습니다. 또한, 삼강행실도 언해본을 간행하여 유교 윤리를 보급하는 데 힘썼습니다.","{'question': '(가) 왕에 대한 설명으로 옳은 것은?', 'choices': ['① 평양으로 천도하였다.', '② 경국대전을 완성하였다.', '③ 수원 화성을 건설하였다.', '④ 한성 사범 학교를 설립하였다.', '⑤ 정동행성 이문소를 폐지하였다.'], 'answer': '2'}",
generation-for-nlp-86,"이것은 한필교가 남긴 『숙천제아도』에 수록된 선혜청의 모습이다. 그림에는 선혜청 관리들의 업무 공간인 상대청과 지역별 창고 등 부속 건물들이 표현되어 있다. 선혜청은 토산물로 부과하던 공납을 토지 결수에 따라 쌀, 포, 동전 등으로 수취하게 한 이 제도를 관장한 관청이다.","{'question': '밑줄 친 ‘이 제도’에 대한 설명으로 옳은 것은? [3점]', 'choices': ['① 공인이 성장하는 계기가 되었다.', '② 녹읍이 폐지되는 결과를 가져왔다.', '③ 산미 증식 계획이 추진되는 배경이 되었다.', '④ 동양 척식 주식회사의 설립에 영향을 주었다.', '⑤ 금융 실명제가 전면 시행되는 원인이 되었다.'], 'answer': '1'}",
generation-for-nlp-87,"발신: 전권대신 김홍집
수신: 일본 특파 대사 이노우에 가오루

대조선국 특파 전권대신 좌의정 김홍집이 조회합니다. 상펴보니 이번 본국에서 일어난 변란의 발단은 난신 김옥균, 박영효, 홍영식, 서광범, 서재필 등이 궁궐에서 분란을 일으키고 대신들을 살해한 것입니다. …(중략)… 만일 해당 범인들이 도피하여 귀국에 의탁한다면, 조사하여 체포하고 인도해주십시오.","{'question': '밑줄 친 ‘변란’의 영향으로 가장 적절한 것은? [3점]', 'choices': ['① 삼별초가 조직되었다.', '② 한성 조약이 체결되었다.', '③ 조선 형평사가 결성되었다.', '④ 삼청 교육대가 운영되었다.', '⑤ 발췌 개헌안이 통과되었다.'], 'answer': '2'}",
generation-for-nlp-88,"“얼마 전에 우리나라에서 일천삼백만 원의 국채를 쓴 일은 부득이한 일이지만, 지금 재정이 곤란하여 빚을 깨끗이 갚을 방법이 몹시 딱하고 어려우니, 어찌 우리 국민의 책임이 아니라고 하겠습니까? 가령 밥은 먹지 아니 하더라도 나라는 있어야 동포의 자손이라도 보존할 수 있을 것입니다.”

국채 보상 기성회 취지서 -

(가) 은/는 국민들이 모은 성금을 통해 정부가 일본에 진 빚을 갚아 국권을 수호하고자 한 움직임이었다. 당시에는 모금을 위한 금연, 금주 운동이 전개되었으며, 여성, 학생 등의 적극적인 사회 참여가 이루어지기도 하였다. 2017년, 관련 기록물이 유네스코 세계 기록 유산으로 등재되었다.","{'question': '(가) 운동에 대한 설명으로 옳은 것은?', 'choices': ['① 순종의 장례일을 기해 시작되었다.', '② 김주열 학생의 사망으로 격화되었다.', '③ 한반도 신탁 통치 결정에 반대하였다.', '④ 일본의 황무지 개간권 요구를 철회시켰다.', '⑤ 대한매일신보 등 여러 언론의 지원을 받았다.'], 'answer': '5'}",
generation-for-nlp-89,"이 범죄인 명부에는 일제가 한국인에게 태형을 내린 사실이 기록되어 있습니다. 일제는 헌병 경찰 제도를 시행하던 (가) 시기에 헌병이 한국인에게 태형을 가할 수 있도록 하였습니다.

[범죄인 명부 이미지]
죄명: 보안법 위반 / 형명, 형기: 태 90대 / 판결 또는 즉결 관청명: 예산 헌병 분대","{'question': '(가) 시기에 볼 수 있는 모습으로 가장 적절한 것은? [3점]', 'choices': ['① 제복을 입고 칼을 찬 교원', '② 도병마사에서 회의하는 관리', '③ 영릉가 전투에 참전하는 독립군', '④ 5․10 총선거에서 투표하는 여성', '⑤ 프로 야구 출범 행사를 시청하는 학생'], 'answer': '1'}",
generation-for-nlp-90,"두 번째 이미지에 포함된 11번부터 15번 문항의 텍스트도 꼼꼼하게 추출해 드릴게요.

11. (가) 운동 중에 있었던 사실로 옳은 것은? [3점]
역사 탐방 계획서

주제: (가) 의 발자취를 따라서

기간: 2025.○○.○○. ~ ○○.○○.

목적: '보국안민'과 '제폭구민'의 기치를 내걸고 억압과 착취에 맞섰던 (가) 의 의미를 되새기는 기회를 갖는다.

주요 답사지:

전봉준 동상

공주 우금치 전적

만석보 유지비

전라감영 선화당

정읍 황토현 전적

고창 무장기포지","{'question': '(가) 운동 중에 있었던 사실로 옳은 것은? [3점]', 'choices': ['① 별무반이 편성되었다.', '② 집강소가 설치되었다.', '③ 치안 유지법이 제정되었다.', '④ 미소 공동 위원회가 개최되었다.', '⑤ 전국 각지에 척화비가 건립되었다.'], 'answer': '2'}",
generation-for-nlp-91,"○○○ 문서 자료관
[자료관 소개 / 이용 안내 / 소장 자료 정보 / Q&A]

「대한예전」
「대한예전」은 '광무'라는 연호를 사용하던 이 시기에 편찬된 예법서이다. 이 책은 황제국의 시위에 맞게 국가의 의례를 정비하고자 만든 것으로, 황제 즉위식을 거행하였던 환구단 도면 등이 담겨 있다.","{'question': '밑줄 친 ‘이 시기’에 있었던 사실로 옳은 것은?', 'choices': ['① 원수부가 설치되었다.', '② 원산 총파업이 일어났다.', '③ 제가 회의가 개최되었다.', '④ 나당 연합군이 결성되었다.', '⑤ 백두산정계비가 건립되었다.'], 'answer': '1'}",
generation-for-nlp-92,"신문 조서
문: 탑골 공원에서 일어난 운동에 가담하여 만세를 외친 일에 대해 진술하라.
답: 수업을 마친 오후에 탑골 공원으로 갔다. 공원에 모인 학생과 시민들은 일제히 만세를 불렀으며 종로 1가를 향해 행진하였다. 사람들은 뛰기 시작하였고, 나도 그들을 따라 조선은행 앞까지 나갔는데 경찰에게 저지당하였다. 그래서 종로 3가로 이동하였다.
문: 그날 탑골 공원에서 누가 독립 선언서를 낭독하였는가?
답: 당시 그곳에 많은 사람이 모여 있었기에 알지 못한다.
문: 고종의 국장 전후에 조선 민족이 독립을 부르짖으며 만세를 외친 까닭은 무엇인가?","{'question': '밑줄 친 ‘운동’에 대한 설명으로 옳은 것은? [3점]', 'choices': ['① 어린이날을 제정하였다.', '② 서경 천도를 주장하였다.', '③ 조선책략 유포에 반대하였다.', '④ 을미사변과 단발령을 계기로 일어났다.', '⑤ 대한민국 임시 정부 수립에 영향을 주었다.'], 'answer': '5'}",
generation-for-nlp-93,"중국 ○○ 일보 (△△△△년 □월 ◇일)
[사설] 일왕 저격 사건의 파장
한국인 이봉창이 도쿄에서 일왕을 저격한 사건은 이미 보도한 바이다. 비록 일왕에게 큰 피해를 입히지 못했지만, 천지개벽 이래 미증유의 대사건이다. 일본인들은 두려움에 떨고 있으며, 구미 각국 인사들은 이 의거가 일본의 앞날에 끼칠 영향을 주시하고 있다. 이 의거는 그가 소속된 단체가 부여한 임무를 실행한 것으로 한민족 독립운동의 선구이다. 앞으로 그 동지들의 분투와 희생이 이어질 것으로 보인다.","{'question': '밑줄 친 ‘단체’에 대한 설명으로 옳은 것은?', 'choices': ['① 인조반정을 주도하였다.', '② 만민 공동회를 개최하였다.', '③ 105인 사건으로 탄압받았다.', '④ 윤봉길이 단원으로 활동하였다.', '⑤ 청산리 일대에서 일본군에 승리하였다.'], 'answer': '4'}",
generation-for-nlp-94,조선 사회 운동 단체 정우회는 지난 15일에 선언서를 발표하여 새로운 운동 방침을 세웠다. 첫째는 사상운동 및 사회운동의 분열을 지양하고 통일을 유도하자는 것이다. 둘째는 대중의 조직과 교육을 위해 노력하자는 것이다. 셋째는 민족주의 세력과의 제휴를 통해 대중의 이익을 도모하자는 것이다. …(중략)… 이 중 셋째는 가장 주목할 만하다. 정우회는 민족주의 세력과 제휴할 수 있다는 방침을 세운 것이다.,"{'question': '다음 자료를 활용한 탐구 주제로 가장 적절한 것은? [3점]', 'choices': ['① 신간회 창립의 배경', '② 수선사 결사의 목적', '③ 통리기무아문 설치의 이유', '④ 3․1 민주 구국 선언의 계기', '⑤ 임술 농민 봉기의 전개 과정'], 'answer': '1'}",
generation-for-nlp-95,"[학교에서 목검을 들고 체조하는 학생들 사진]
이 사진은 학교에서 목검을 활용한 황국 신민 체조를 지도하는 모습이다. 일제가 중일 전쟁을 일으키고 침략 전쟁을 확대하던 이 시기에 조선 총독부는 황국 신민 체조의 보급에 힘썼으며, 황국 신민 서사 암송을 강요하였다.","{'question': '밑줄 친 ‘이 시기’에 있었던 사실로 옳은 것은?', 'choices': ['① 병자호란이 전개되었다.', '② 군국기무처가 설치되었다.', '③ 노비안검법이 실시되었다.', '④ 국가 총동원법이 시행되었다.', '⑤ 통일 주체 국민 회의가 개최되었다.'], 'answer': '4'}",
generation-for-nlp-96,"[미 국무부 보고 문서 이미지]
주한 미군사 고문단[KMAG]의 현장 자문관이 일부 확인한 한국군 보고서에 따르면, 북한군이 오늘 아침 여러 지역에서 남한을 침범하였다고 한다. 새벽 4시경 북한의 포격으로 옹진이 공격받으면서 전투가 시작되었다.

[해설] 자료는 북한의 남침 당일 주한 미국 대사가 미 국무부에 당시의 긴박했던 상황을 보고한 문서이다. 북한의 남침으로 (가) 이/가 시작되자, 유엔은 미국의 주도 아래 북한군에게 38도선 이북으로 철수할 것을 요구하는 한편 남한에 대한 군사 원조를 결정하였다.","{'question': '(가) 전쟁 중에 있었던 사실로 옳은 것은? [3점]', 'choices': ['① 아관 파천이 단행되었다.', '② 한일 의정서가 체결되었다.', '③ 자유시 참변이 발생하였다.', '④ 인천 상륙 작전이 전개되었다.', '⑤ 조선 건국 준비 위원회가 결성되었다.'], 'answer': '4'}",
generation-for-nlp-97,"두 차례의 경제 개발 5개년 계획을 성공적으로 완수하고 다시 제3차 5개년 계획을 수립하여 새해부터 이를 착수하게 된 것을 국민 여러분과 더불어 충심으로 기쁘게 생각하는 바입니다. …(중략)… 우리는 새로운 계획 기간 중에 철강·기계·조선 등 중화학 공업을 건설하며, 수출의 획기적인 증대로 국제 수지를 개선하는 데 역점을 둘 것입니다.","{'question': '다음 담화문을 발표한 정부의 경제 정책으로 옳은 것은? [3점]', 'choices': ['① 균역법을 시행하였다.', '② 새마을 운동을 전개하였다.', '③ 지계아문에서 지계를 발급하였다.', '④ 경제 협력 개발 기구[OECD]에 가입하였다.', '⑤ 유상 매입, 유상 분배의 농지 개혁법을 제정하였다.'], 'answer': '2'}",
generation-for-nlp-98,"애국 학생 고(故) 이한열 열사 추모 기간을 선포하며

노골화되는 현 군부 독재 정권의 장기 집권 의도를 막으려는 4천만 민중들의 민주화 의지를 외면한 채 4·13 호헌 조치가 나왔다. 이에 반발하여 지난 6월 9일 쏟아지는 최루탄 속에서 온 청춘을 다 바쳐 투쟁하다 쓰러진 이한열의 죽음을 맞으며, 더 말할 수 없는 통탄과 분노의 감정으로 군부 독재의 즉각적 퇴진과 완전한 종식을 주장한다.

민주를 사랑하는 한열이를 살려내라!!!
한열이 뜻 이어받아 군부 독재 타도하자!!!
19△△년 7월 5일","{'question': '다음 자료에 나타난 민주화 운동의 결과로 가장 적절한 것은?', 'choices': ['① 유신 체제가 붕괴되었다.', '② 내각 책임제 정부가 출범하였다.', '③ 광주 학생 항일 운동이 일어났다.', '④ 대통령 직선제로 개헌이 이루어졌다.', '⑤ 반민족 행위 특별 조사 위원회가 설치되었다.'], 'answer': '4'}",
generation-for-nlp-99,"<회담에 임했던 정부 입장>
정부는 분단 55년 만에 최초로 남북의 최고 당국자가 만난다는 사실 자체만으로도 매우 의미 있는 일이라고 보았습니다. 대통령께서는 이 기회를 통해 그간의 적대 관계에 종지부를 찍고, 민족사에 새로운 전기를 마련하여 조국의 통일로 나아가야 한다는 각오로 평양길에 올랐습니다. …(중략)… 대통령과 김 위원장은 진지하고 격의 없는 토론을 통해 6월 15일 발표된 남북 공동 선언을 채택하기에 이른 것입니다.","{'question': '밑줄 친 ‘채택’이 이루어진 시기를 연표에서 옳게 고른 것은? 남북 협상, (가), 5.16 군사 정변, (나), 7.4 남북 공동 성명 발표, (다), 5.18 민주화 운동, (라), 남북 기본 합의서 체결, (마), 10.4 남북 공동 선언(남북 관계 발저노가 평화 번양을 위한 선언) 합의', 'choices': ['① (가)', '② (나)', '③ (다)', '④ (라)', '⑤ (마)'], 'answer': '5'}",